url,path,page_type,in_sitemap,sitemap,sitemap_lastmod,status,final_status,final_url,redirect_chain,canonical,canonical_is_self,meta_robots,indexable,title,title_len,meta_description,desc_len,h1_count,h1,h2_count,h2,word_count_main,word_count_editorial,word_count_widget,content_links_internal_count,content_links_internal_targets,widget_links_internal_count,external_links_count,external_links,images_total,images_missing_alt,images_empty_alt,jsonld_types,listing_shown_total,inbound_content_links,inbound_widget_links,inbound_nav_links,orphan_status,dup_title_with,dup_desc_with,dup_h1_with,near_duplicate_with,risky_claims,issues,recommendation,target_url,reason
https://nameretailer.com/custom-login/,/custom-login/,account/commerce,False,,,200,200,https://nameretailer.com/custom-login/,,,missing,"noindex, follow",False,Custom Login | Name Retailer,28,[woocommerce_my_account],24,1,Custom Login,2,Welcome Back | Create Account,75,75,0,2,/my-account/lost-password/ /terms-privacy/,0,0,,0,0,0,Organization ImageObject WebSite BreadcrumbList ListItem WebPage Person Article,,0,0,143,nav-only,,,,,,description length 24; thin editorial content (75 words); nav-only,improve,,"Retain useful distinct intent; correct metadata, claims, schema and internal linking"
https://nameretailer.com/link-details/cidadesdomeubrasil.com.br,/link-details/cidadesdomeubrasil.com.br,account/commerce,False,,,301,200,https://nameretailer.com/link-details/cidadesdomeubrasil.com.br/,301:/link-details/cidadesdomeubrasil.com.br > 200:/link-details/cidadesdomeubrasil.com.br/,https://nameretailer.com/blog/,,"follow, index, max-snippet:-1, max-video-preview:-1, max-image-preview:large",False,"Blog - Guest Posting, Backlinks & SEO Tips | Name Retailer",58,"Explore actionable guides on guest posting, backlinks, domain authority, and SEO strategies to improve your website visibility and rankings.",140,,cidadesdomeubrasil.com.br,,About cidadesdomeubrasil.com.br | SEO Performance Analysis,150,0,150,,,,,,,,,Organization ImageObject WebSite BreadcrumbList ListItem CollectionPage Product Offer AggregateRating Brand,,0,0,0,n/a (redirect/error),,,,,,redirects to /link-details/cidadesdomeubrasil.com.br/,drop-410,,Per-domain page; owner decided no indexable per-domain pages
https://nameretailer.com/link-details/globaltimeblog.com,/link-details/globaltimeblog.com,account/commerce,False,,,301,200,https://nameretailer.com/link-details/globaltimeblog.com/,301:/link-details/globaltimeblog.com > 200:/link-details/globaltimeblog.com/,https://nameretailer.com/blog/,,"follow, index, max-snippet:-1, max-video-preview:-1, max-image-preview:large",False,"Blog - Guest Posting, Backlinks & SEO Tips | Name Retailer",58,"Explore actionable guides on guest posting, backlinks, domain authority, and SEO strategies to improve your website visibility and rankings.",140,,globaltimeblog.com,,About globaltimeblog.com | SEO Performance Analysis,149,0,149,,,,,,,,,Organization ImageObject WebSite BreadcrumbList ListItem CollectionPage Product Offer AggregateRating Brand,,0,0,0,n/a (redirect/error),,,,,,redirects to /link-details/globaltimeblog.com/,drop-410,,Per-domain page; owner decided no indexable per-domain pages
https://nameretailer.com/link-details/heckhome.com,/link-details/heckhome.com,account/commerce,False,,,301,200,https://nameretailer.com/link-details/heckhome.com/,301:/link-details/heckhome.com > 200:/link-details/heckhome.com/,https://nameretailer.com/blog/,,"follow, index, max-snippet:-1, max-video-preview:-1, max-image-preview:large",False,"Blog - Guest Posting, Backlinks & SEO Tips | Name Retailer",58,"Explore actionable guides on guest posting, backlinks, domain authority, and SEO strategies to improve your website visibility and rankings.",140,,heckhome.com,,About heckhome.com | SEO Performance Analysis,148,0,148,,,,,,,,,Organization ImageObject WebSite BreadcrumbList ListItem CollectionPage Product Offer AggregateRating Brand,,0,0,0,n/a (redirect/error),,,,,,redirects to /link-details/heckhome.com/,drop-410,,Per-domain page; owner decided no indexable per-domain pages
https://nameretailer.com/link-details/techradar.my.id,/link-details/techradar.my.id,account/commerce,False,,,301,200,https://nameretailer.com/link-details/techradar.my.id/,301:/link-details/techradar.my.id > 200:/link-details/techradar.my.id/,https://nameretailer.com/blog/,,"follow, index, max-snippet:-1, max-video-preview:-1, max-image-preview:large",False,"Blog - Guest Posting, Backlinks & SEO Tips | Name Retailer",58,"Explore actionable guides on guest posting, backlinks, domain authority, and SEO strategies to improve your website visibility and rankings.",140,,techradar.my.id,,About techradar.my.id | SEO Performance Analysis,151,0,151,,,,,,,,,Organization ImageObject WebSite BreadcrumbList ListItem CollectionPage Product Offer AggregateRating Brand,,0,0,0,n/a (redirect/error),,,,,,redirects to /link-details/techradar.my.id/,drop-410,,Per-domain page; owner decided no indexable per-domain pages
https://nameretailer.com/link-details/thedailyencrypt.com,/link-details/thedailyencrypt.com,account/commerce,False,,,301,200,https://nameretailer.com/link-details/thedailyencrypt.com/,301:/link-details/thedailyencrypt.com > 200:/link-details/thedailyencrypt.com/,https://nameretailer.com/blog/,,"follow, index, max-snippet:-1, max-video-preview:-1, max-image-preview:large",False,"Blog - Guest Posting, Backlinks & SEO Tips | Name Retailer",58,"Explore actionable guides on guest posting, backlinks, domain authority, and SEO strategies to improve your website visibility and rankings.",140,,thedailyencrypt.com,,About thedailyencrypt.com | SEO Performance Analysis,154,0,154,,,,,,,,,Organization ImageObject WebSite BreadcrumbList ListItem CollectionPage Product Offer AggregateRating Brand,,0,0,0,n/a (redirect/error),,,,,,redirects to /link-details/thedailyencrypt.com/,drop-410,,Per-domain page; owner decided no indexable per-domain pages
https://nameretailer.com/2025/07/12/,/2025/07/12/,blog-index,False,,,200,200,https://nameretailer.com/2025/07/12/,,,missing,"follow, noindex",False,"July 12, 2025 - Name Retailer Inc No.1 Guestpost Marketplace",60,,0,1,Name Retailer Blog,0,,335,335,0,9,/2824-2/ /complete-guide-building-high-authority-backlinks-guest-blogging/ /definition-of-domain-authority-understanding-it-clearly/ /guest-post-marketplace/ /guest-post-sites-by-domain-rating-why-dr-matters-link-building-2/ /guest-post-sites-by-domain-rating-why-dr-matters-link-building/ /how-to-choose-right-guest-post-package-budget-seo-goals/ /seo-optimized-blog-posts-vs-regular-blog-posts-whats-the-real-difference/ /what-is-trust-flow-why-it-matters-buying-guest-posts/,0,0,,1,0,0,Organization ImageObject WebSite BreadcrumbList ListItem CollectionPage,,1,0,0,linked in content,,,/category/uncategorized/ /author/admin_123/ /2026/04/26/ /2025/10/02/ /2025/09/26/,/2025/09/26/ (1.0); /2025/10/02/ (1.0); /2026/04/26/ (1.0); /author/admin_123/ (1.0); /category/uncategorized/ (1.0),"superlative (#1) claim: ""July 12, 2025 - Name Retailer Inc No.1 Guestpost Marketplace  Name Retailer Blog How to Choose the Right Gue""",missing meta description; risky claims: superlative (#1) claim,drop-301→/blog/,/blog/,Low-value archive or placeholder taxonomy; consolidate into the maintained blog hub
https://nameretailer.com/2025/09/26/,/2025/09/26/,blog-index,False,,,200,200,https://nameretailer.com/2025/09/26/,,,missing,"follow, noindex",False,"September 26, 2025 - Name Retailer Inc No.1 Guestpost Marketplace",65,,0,1,Name Retailer Blog,0,,335,335,0,9,/2824-2/ /complete-guide-building-high-authority-backlinks-guest-blogging/ /definition-of-domain-authority-understanding-it-clearly/ /guest-post-marketplace/ /guest-post-sites-by-domain-rating-why-dr-matters-link-building-2/ /guest-post-sites-by-domain-rating-why-dr-matters-link-building/ /how-to-choose-right-guest-post-package-budget-seo-goals/ /seo-optimized-blog-posts-vs-regular-blog-posts-whats-the-real-difference/ /what-is-trust-flow-why-it-matters-buying-guest-posts/,0,0,,1,0,0,Organization ImageObject WebSite BreadcrumbList ListItem CollectionPage,,1,0,0,linked in content,,,/category/uncategorized/ /author/admin_123/ /2026/04/26/ /2025/10/02/ /2025/07/12/,/2025/07/12/ (1.0); /2025/10/02/ (1.0); /2026/04/26/ (1.0); /author/admin_123/ (1.0); /category/uncategorized/ (1.0),"superlative (#1) claim: ""September 26, 2025 - Name Retailer Inc No.1 Guestpost Marketplace  Name Retailer Blog How to Choose the Right Gue""",title length 65; missing meta description; risky claims: superlative (#1) claim,drop-301→/blog/,/blog/,Low-value archive or placeholder taxonomy; consolidate into the maintained blog hub
https://nameretailer.com/2025/10/02/,/2025/10/02/,blog-index,False,,,200,200,https://nameretailer.com/2025/10/02/,,,missing,"follow, noindex",False,"October 2, 2025 - Name Retailer Inc No.1 Guestpost Marketplace",62,,0,1,Name Retailer Blog,0,,335,335,0,9,/2824-2/ /complete-guide-building-high-authority-backlinks-guest-blogging/ /definition-of-domain-authority-understanding-it-clearly/ /guest-post-marketplace/ /guest-post-sites-by-domain-rating-why-dr-matters-link-building-2/ /guest-post-sites-by-domain-rating-why-dr-matters-link-building/ /how-to-choose-right-guest-post-package-budget-seo-goals/ /seo-optimized-blog-posts-vs-regular-blog-posts-whats-the-real-difference/ /what-is-trust-flow-why-it-matters-buying-guest-posts/,0,0,,1,0,0,Organization ImageObject WebSite BreadcrumbList ListItem CollectionPage,,1,0,0,linked in content,,,/category/uncategorized/ /author/admin_123/ /2026/04/26/ /2025/09/26/ /2025/07/12/,/2025/07/12/ (1.0); /2025/09/26/ (1.0); /2026/04/26/ (1.0); /author/admin_123/ (1.0); /category/uncategorized/ (1.0),"superlative (#1) claim: ""October 2, 2025 - Name Retailer Inc No.1 Guestpost Marketplace  Name Retailer Blog How to Choose the Right Gue""",title length 62; missing meta description; risky claims: superlative (#1) claim,drop-301→/blog/,/blog/,Low-value archive or placeholder taxonomy; consolidate into the maintained blog hub
https://nameretailer.com/2026/04/26/,/2026/04/26/,blog-index,False,,,200,200,https://nameretailer.com/2026/04/26/,,,missing,"follow, noindex",False,"April 26, 2026 - Name Retailer Inc No.1 Guestpost Marketplace",61,,0,1,Name Retailer Blog,0,,335,335,0,9,/2824-2/ /complete-guide-building-high-authority-backlinks-guest-blogging/ /definition-of-domain-authority-understanding-it-clearly/ /guest-post-marketplace/ /guest-post-sites-by-domain-rating-why-dr-matters-link-building-2/ /guest-post-sites-by-domain-rating-why-dr-matters-link-building/ /how-to-choose-right-guest-post-package-budget-seo-goals/ /seo-optimized-blog-posts-vs-regular-blog-posts-whats-the-real-difference/ /what-is-trust-flow-why-it-matters-buying-guest-posts/,0,0,,1,0,0,Organization ImageObject WebSite BreadcrumbList ListItem CollectionPage,,1,0,0,linked in content,,,/category/uncategorized/ /author/admin_123/ /2025/10/02/ /2025/09/26/ /2025/07/12/,/2025/07/12/ (1.0); /2025/09/26/ (1.0); /2025/10/02/ (1.0); /author/admin_123/ (1.0); /category/uncategorized/ (1.0),"superlative (#1) claim: ""April 26, 2026 - Name Retailer Inc No.1 Guestpost Marketplace  Name Retailer Blog How to Choose the Right Gue""",title length 61; missing meta description; risky claims: superlative (#1) claim,drop-301→/blog/,/blog/,Low-value archive or placeholder taxonomy; consolidate into the maintained blog hub
https://nameretailer.com/author/admin_123/,/author/admin_123/,blog-index,False,,,200,200,https://nameretailer.com/author/admin_123/,,,missing,"follow, noindex",False,"admin_123, Author at Name Retailer Inc No.1 Guestpost Marketplace",65,,0,1,Name Retailer Blog,0,,335,335,0,9,/2824-2/ /complete-guide-building-high-authority-backlinks-guest-blogging/ /definition-of-domain-authority-understanding-it-clearly/ /guest-post-marketplace/ /guest-post-sites-by-domain-rating-why-dr-matters-link-building-2/ /guest-post-sites-by-domain-rating-why-dr-matters-link-building/ /how-to-choose-right-guest-post-package-budget-seo-goals/ /seo-optimized-blog-posts-vs-regular-blog-posts-whats-the-real-difference/ /what-is-trust-flow-why-it-matters-buying-guest-posts/,0,0,,1,0,0,Organization ImageObject WebSite BreadcrumbList ListItem ProfilePage Person,,1,0,0,linked in content,,,/category/uncategorized/ /2026/04/26/ /2025/10/02/ /2025/09/26/ /2025/07/12/,/2025/07/12/ (1.0); /2025/09/26/ (1.0); /2025/10/02/ (1.0); /2026/04/26/ (1.0); /category/uncategorized/ (1.0),"superlative (#1) claim: ""admin_123, Author at Name Retailer Inc No.1 Guestpost Marketplace  Name Retailer Blog How to Choose the Right Gue""",title length 65; missing meta description; risky claims: superlative (#1) claim,drop-301→/blog/,/blog/,Low-value archive or placeholder taxonomy; consolidate into the maintained blog hub
https://nameretailer.com/blog/,/blog/,blog-index,True,post-sitemap.xml,2025-09-30T20:28:56+00:00,200,200,https://nameretailer.com/blog/,,https://nameretailer.com/blog/,yes,"follow, index, max-snippet:-1, max-video-preview:-1, max-image-preview:large",True,"Blog - Guest Posting, Backlinks & SEO Tips | Name Retailer",58,"Explore actionable guides on guest posting, backlinks, domain authority, and SEO strategies to improve your website visibility and rankings.",140,0,,2,TrustFlow | Section Title,437,437,0,15,/2025/07/12/ /2025/09/26/ /2025/10/02/ /2026/04/26/ /2824-2/ /author/admin_123/ /category/uncategorized/ /complete-guide-building-high-authority-backlinks-guest-blogging/ /definition-of-domain-authority-understanding-it-clearly/ /guest-post-marketplace/ /guest-post-sites-by-domain-rating-why-dr-matters-link-building-2/ /guest-post-sites-by-domain-rating-why-dr-matters-link-building/ /how-to-choose-right-guest-post-package-budget-seo-goals/ /seo-optimized-blog-posts-vs-regular-blog-posts-whats-the-real-difference/ /what-is-trust-flow-why-it-matters-buying-guest-posts/,0,0,,3,0,0,Organization ImageObject WebSite BreadcrumbList ListItem CollectionPage,,1,0,143,linked in content,,,,,,0 H1s,improve,,"Keep the blog hub, add one H1, topic navigation and contextual links"
https://nameretailer.com/category/uncategorized/,/category/uncategorized/,blog-index,True,category-sitemap.xml,2026-08-21T17:55:40+00:00,200,200,https://nameretailer.com/category/uncategorized/,,https://nameretailer.com/category/uncategorized/,yes,"index, follow, max-snippet:-1, max-video-preview:-1, max-image-preview:large",True,Uncategorized - Name Retailer Inc No.1 Guestpost Marketplace,60,,0,1,Name Retailer Blog,0,,335,335,0,9,/2824-2/ /complete-guide-building-high-authority-backlinks-guest-blogging/ /definition-of-domain-authority-understanding-it-clearly/ /guest-post-marketplace/ /guest-post-sites-by-domain-rating-why-dr-matters-link-building-2/ /guest-post-sites-by-domain-rating-why-dr-matters-link-building/ /how-to-choose-right-guest-post-package-budget-seo-goals/ /seo-optimized-blog-posts-vs-regular-blog-posts-whats-the-real-difference/ /what-is-trust-flow-why-it-matters-buying-guest-posts/,0,0,,1,0,0,Organization ImageObject WebSite BreadcrumbList ListItem CollectionPage,,1,0,0,linked in content,,,/author/admin_123/ /2026/04/26/ /2025/10/02/ /2025/09/26/ /2025/07/12/,/2025/07/12/ (1.0); /2025/09/26/ (1.0); /2025/10/02/ (1.0); /2026/04/26/ (1.0); /author/admin_123/ (1.0),"superlative (#1) claim: ""Uncategorized - Name Retailer Inc No.1 Guestpost Marketplace  Name Retailer Blog How to Choose the Right Gue""",missing meta description; risky claims: superlative (#1) claim,drop-301→/blog/,/blog/,Low-value archive or placeholder taxonomy; consolidate into the maintained blog hub
https://nameretailer.com/2824-2/,/2824-2/,blog-post,True,post-sitemap.xml,2025-10-02T23:57:03+00:00,200,200,https://nameretailer.com/2824-2/,,https://nameretailer.com/2824-2/,yes,"follow, index, max-snippet:-1, max-video-preview:-1, max-image-preview:large",True,| Name Retailer Blog,20,"  Mastering On-Page SEO: Your Guide to Higher Rankings On-page SEO is your direct line of communication with search engines, telling them exactly what your",155,1,Mastering On-Page SEO: Your Guide to Higher Rankings,0,,1507,1507,0,0,,0,0,,3,0,3,Organization ImageObject WebSite BreadcrumbList ListItem WebPage Person BlogPosting,,7,0,0,linked in content,,,,,,title length 20,merge→/google-ranking-strategies/,/google-ranking-strategies/,Opaque slug for an on-page SEO article; fold useful sections into the existing ranking guide
https://nameretailer.com/best-guest-blogging-sites-to-supercharge-your-seo/,/best-guest-blogging-sites-to-supercharge-your-seo/,blog-post,True,post-sitemap.xml,2025-07-08T14:31:02+00:00,200,200,https://nameretailer.com/best-guest-blogging-sites-to-supercharge-your-seo/,,https://nameretailer.com/best-guest-blogging-sites-to-supercharge-your-seo/,yes,"follow, index, max-snippet:-1, max-video-preview:-1, max-image-preview:large",True,Best Guest Blogging Sites to Supercharge Your SEO | Name Retailer Blog,70,"If you’re looking to boost your website traffic, build backlinks, and grow your online presence, guest blogging is one of the most effective strategi",149,1,Best Guest Blogging Sites to Supercharge Your SEO,0,,814,814,0,1,/,0,0,,0,0,0,Organization ImageObject WebSite BreadcrumbList ListItem WebPage Person BlogPosting,,0,0,0,orphan (no internal links),,,,,,title length 70; orphan (no internal links),improve,,"Distinct, relevant informational intent; rewrite for accuracy, evidence and internal links"
https://nameretailer.com/complete-guide-building-high-authority-backlinks-guest-blogging/,/complete-guide-building-high-authority-backlinks-guest-blogging/,blog-post,True,post-sitemap.xml,2026-08-21T17:55:40+00:00,200,200,https://nameretailer.com/complete-guide-building-high-authority-backlinks-guest-blogging/,,https://nameretailer.com/complete-guide-building-high-authority-backlinks-guest-blogging/,yes,"follow, index, max-snippet:-1, max-video-preview:-1, max-image-preview:large",True,Build High Authority Backlinks With Guest Blogging,50,"A complete guide to building high authority backlinks through guest blogging. Find quality sites, pitch editors and earn links that lift your rankings.",151,2,"How to Build High-Authority Backlinks With Guest Blogging | Introduction Backlinks remain one of the most important ranking factors in Google’s algorithm. But not all backlinks are equal — and in 2026, the gap between low-quality and high-quality links has nev",0,,1054,1054,0,0,,0,0,,0,0,0,Organization ImageObject WebSite BreadcrumbList ListItem WebPage Person Article,,7,0,0,linked in content,,,,,"ranking-speed promise: ""-authority site can have a measurable impact on your keyword rankings within weeks. Step 1: Identify the Right Guest Post TargetsThe foundat""",2 H1s; risky claims: ranking-speed promise,improve,,"Distinct, relevant informational intent; rewrite for accuracy, evidence and internal links"
https://nameretailer.com/definition-of-domain-authority-understanding-it-clearly/,/definition-of-domain-authority-understanding-it-clearly/,blog-post,True,post-sitemap.xml,2026-04-24T15:59:55+00:00,200,200,https://nameretailer.com/definition-of-domain-authority-understanding-it-clearly/,,https://nameretailer.com/definition-of-domain-authority-understanding-it-clearly/,yes,"follow, index, max-snippet:-1, max-video-preview:-1, max-image-preview:large",True,Definition of Domain Authority: Understanding It Clearly | Name Retailer Blog,77,"When you hear the term definition of domain authority, it’s natural to wonder what exactly it means. Simply put, domain authority (DA) is a score that pred",155,1,Definition of Domain Authority: Understanding It Clearly,5,Domain Authority Ahrefs: How Does Ahrefs Measure It? | Domain Authority Checker Semrush: How to Use It | Domain Authority Definition and History | Domain Authority Is 12 Means: Should You Worry? | Domain Authority Meaning: What Is a Good Score?,809,809,0,2,/da1toda10/ /da80toda90/,0,1,https://semrush.com/,0,0,0,Organization ImageObject WebSite BreadcrumbList ListItem WebPage Person BlogPosting,,7,0,0,linked in content,,,,,,title length 77,improve,,"Distinct, relevant informational intent; rewrite for accuracy, evidence and internal links"
https://nameretailer.com/everything-you-need-to-know-about-guest-blogging-services/,/everything-you-need-to-know-about-guest-blogging-services/,blog-post,True,post-sitemap.xml,2026-08-21T17:32:44+00:00,200,200,https://nameretailer.com/everything-you-need-to-know-about-guest-blogging-services/,,https://nameretailer.com/everything-you-need-to-know-about-guest-blogging-services/,yes,"follow, index, max-snippet:-1, max-video-preview:-1, max-image-preview:large",True,Guest Blogging Services: Everything You Need to Know,52,"What guest blogging services include, what they cost and how to spot a bad provider. A practical guide to hiring the right team for your link building.",151,1,Guest Blogging Services: Everything You Need to Know,0,,656,656,0,0,,0,0,,0,0,0,Organization ImageObject WebSite BreadcrumbList ListItem WebPage Person BlogPosting,,0,0,0,orphan (no internal links),,,,,"guarantee claim: ""s, many marketers choose to buy guest blog posts as it saves time and guarantees placement. This is especially useful when you need fast res""",orphan (no internal links); risky claims: guarantee claim,merge→/guests-blogging-services/,/guests-blogging-services/,Cannibalizes the commercial guest blogging service page
https://nameretailer.com/guest-post-marketplace/,/guest-post-marketplace/,blog-post,True,post-sitemap.xml,2026-08-20T17:47:45+00:00,200,200,https://nameretailer.com/guest-post-marketplace/,,https://nameretailer.com/guest-post-marketplace/,yes,"follow, index, max-snippet:-1, max-video-preview:-1, max-image-preview:large",True,Guest Post Marketplace | Buy Guest Posts & Backlinks,52,"Browse our guest post marketplace with thousands of vetted sites. Filter by DA, DR, traffic, niche and price, then order guest posts and backlinks fast.",152,1,Guest Post Marketplace – Buy Guest Posts & Backlinks,5,Understanding Guest Post Marketplaces and Their Business Value | Essential Features That Make Guest Post Marketplaces Successful | Building Your Guest Post Marketplace Platform | Attracting and Retaining Quality Writers and Publishers | Managing Quality Control and Content Standards,3682,3682,0,0,,0,0,,6,0,0,Organization ImageObject WebSite BreadcrumbList ListItem WebPage Person BlogPosting,,7,0,0,linked in content,,,,,,,merge→/,/,Competes with the homepage for the primary marketplace intent
https://nameretailer.com/guest-post-sites-by-domain-rating-why-dr-matters-link-building-2/,/guest-post-sites-by-domain-rating-why-dr-matters-link-building-2/,blog-post,True,post-sitemap.xml,2026-04-26T10:00:35+00:00,200,200,https://nameretailer.com/guest-post-sites-by-domain-rating-why-dr-matters-link-building-2/,,https://nameretailer.com/guest-post-sites-by-domain-rating-why-dr-matters-link-building-2/,yes,"follow, index, max-snippet:-1, max-video-preview:-1, max-image-preview:large",True,Guest Post Sites by Domain Rating: Why DR Matters for Your Link Building Strategy | Name Retailer Blog,102,"IntroductionWhen it comes to link building, one metric stands above the rest as a reliable indicator of a backlink’s potential SEO value — Domain Rat",149,2,"Guest Post Sites by Domain Rating: Why DR Matters for Your Link Building Strategy | Introduction When it comes to link building, one metric stands above the rest as a reliable indicator of a backlink’s potential SEO value — Domain Rating, commonly referred to as DR. Developed by Ahre",0,,921,921,0,0,,0,0,,0,0,0,Organization ImageObject WebSite BreadcrumbList ListItem WebPage Person BlogPosting,,7,0,0,linked in content,,,,,,2 H1s; title length 102,merge→/guest-post-sites-by-domain-rating-why-dr-matters-link-building/,/guest-post-sites-by-domain-rating-why-dr-matters-link-building/,Duplicate DR article
https://nameretailer.com/guest-post-sites-by-domain-rating-why-dr-matters-link-building/,/guest-post-sites-by-domain-rating-why-dr-matters-link-building/,blog-post,True,post-sitemap.xml,2026-08-21T17:23:00+00:00,200,200,https://nameretailer.com/guest-post-sites-by-domain-rating-why-dr-matters-link-building/,,https://nameretailer.com/guest-post-sites-by-domain-rating-why-dr-matters-link-building/,yes,"follow, index, max-snippet:-1, max-video-preview:-1, max-image-preview:large",True,Guest Post Sites by Domain Rating: Why DR Matters SEO,53,"Domain Rating predicts how much link value a site passes. Learn what DR means, what score to target and how to pick guest post sites by DR for real gains.",154,1,Guest Post Sites by Domain Rating: Why DR Matters,1,"Introduction If you have been trying to improve your website’s Google rankings and feel like you are stuck in place, you are not alone. Thousands of website owners invest in content, fix their on-page",913,913,0,0,,0,0,,0,0,0,Organization ImageObject WebSite BreadcrumbList ListItem WebPage Person BlogPosting,,7,0,0,linked in content,,,,,,,improve,,"Distinct, relevant informational intent; rewrite for accuracy, evidence and internal links"
https://nameretailer.com/hello-world/,/hello-world/,blog-post,True,post-sitemap.xml,2025-01-06T23:25:16+00:00,200,200,https://nameretailer.com/hello-world/,,https://nameretailer.com/hello-world/,yes,"follow, index, max-snippet:-1, max-video-preview:-1, max-image-preview:large",True,Hello world! | Name Retailer Blog,33,"Welcome to WordPress. This is your first post. Edit or delete it, then start writing!",85,1,Hello world!,0,,17,17,0,0,,0,0,,0,0,0,Organization ImageObject WebSite BreadcrumbList ListItem WebPage Person BlogPosting,,0,0,0,orphan (no internal links),,,,,,thin editorial content (17 words); orphan (no internal links),drop-410,,WordPress/test content with no durable search intent
https://nameretailer.com/how-guest-posts-improve-your-domain-authority-real-results-explained/,/how-guest-posts-improve-your-domain-authority-real-results-explained/,blog-post,True,post-sitemap.xml,2026-08-21T17:28:37+00:00,200,200,https://nameretailer.com/how-guest-posts-improve-your-domain-authority-real-results-explained/,,https://nameretailer.com/how-guest-posts-improve-your-domain-authority-real-results-explained/,yes,"follow, index, max-snippet:-1, max-video-preview:-1, max-image-preview:large",True,How Guest Posts Improve Your Domain Authority Score,51,"See how guest posts raise Domain Authority, how long results take and what kind of links move the needle, with realistic expectations backed by examples.",153,1,How Guest Posts Improve Your Domain Authority,0,,683,683,0,1,/,0,0,,0,0,0,Organization ImageObject WebSite BreadcrumbList ListItem WebPage Person BlogPosting,,0,0,0,orphan (no internal links),,,,,,orphan (no internal links),improve,,"Distinct, relevant informational intent; rewrite for accuracy, evidence and internal links"
https://nameretailer.com/how-to-buy-links/,/how-to-buy-links/,blog-post,True,post-sitemap.xml,2026-08-21T17:43:12+00:00,200,200,https://nameretailer.com/how-to-buy-links/,,https://nameretailer.com/how-to-buy-links/,yes,"follow, index, max-snippet:-1, max-video-preview:-1, max-image-preview:large",True,How to Buy Backlinks Safely for SEO | Name Retailer,51,"Learn how to buy backlinks safely, what metrics matter and which links to avoid. A practical guide to vetting sites before you spend a dollar on SEO.",149,1,How to Buy Backlinks Safely for SEO,0,,9,9,0,0,,0,0,,0,0,0,Organization ImageObject WebSite BreadcrumbList ListItem WebPage Person Article,,0,0,0,orphan (no internal links),,,,,"SEO-safe claim: ""How to Buy Backlinks Safely for SEO | Name Retailer Learn how to buy backlinks safely, what metrics matte""",thin editorial content (9 words); orphan (no internal links); placeholder text; risky claims: SEO-safe claim,improve,,"Distinct, relevant informational intent; rewrite for accuracy, evidence and internal links"
https://nameretailer.com/how-to-choose-right-guest-post-package-budget-seo-goals/,/how-to-choose-right-guest-post-package-budget-seo-goals/,blog-post,True,post-sitemap.xml,2026-08-21T17:24:30+00:00,200,200,https://nameretailer.com/how-to-choose-right-guest-post-package-budget-seo-goals/,,https://nameretailer.com/how-to-choose-right-guest-post-package-budget-seo-goals/,yes,"follow, index, max-snippet:-1, max-video-preview:-1, max-image-preview:large",True,How to Choose the Right Guest Post Package | Name Retailer,58,"Learn how to choose a guest post package that fits your budget and SEO goals. Compare DA, DR, traffic and price so you pay for links that actually work.",152,1,How to Choose the Right Guest Post Package for Your Budget,1,Introduction One of the most common questions from website owners new to link building is straightforward: how much should I spend on guest posts? The honest answer is that there is no universal numbe,1119,1119,0,0,,0,0,,0,0,0,Organization ImageObject WebSite BreadcrumbList ListItem WebPage Person BlogPosting,,7,0,0,linked in content,,,,,"verification claim (needs evidence): ""cklinks carry more SEO weight.Organic Traffic: Sites with substantial real traffic have demonstrated Google’s trust — and that trust comes a""",risky claims: verification claim (needs evidence),improve,,"Distinct, relevant informational intent; rewrite for accuracy, evidence and internal links"
https://nameretailer.com/seo-optimized-blog-posts-vs-regular-blog-posts-whats-the-real-difference/,/seo-optimized-blog-posts-vs-regular-blog-posts-whats-the-real-difference/,blog-post,True,post-sitemap.xml,2026-08-21T17:25:36+00:00,200,200,https://nameretailer.com/seo-optimized-blog-posts-vs-regular-blog-posts-whats-the-real-difference/,,https://nameretailer.com/seo-optimized-blog-posts-vs-regular-blog-posts-whats-the-real-difference/,yes,"follow, index, max-snippet:-1, max-video-preview:-1, max-image-preview:large",True,SEO Blog Posts vs Regular Blog Posts: Key Differences,53,"What separates an SEO-optimized blog post from a regular one? Compare structure, keyword use, internal links and search intent, and see which you need.",151,2,SEO-Optimized Blog Posts vs Regular Blog Posts: The Difference | Regular Blog Post vs SEO-Optimized Blog Post: What’s the Difference?,7,Introduction | What Is a Regular Blog Post? | What Is an SEO-Optimized Blog Post? | Regular Blog Post vs SEO-Optimized Blog Post | Is an SEO-Optimized Blog Post Worth the Investment? | Our SEO-Optimized Blog Post Writing Service | Final Thoughts,1262,1262,0,0,,0,0,,0,0,0,Organization ImageObject WebSite BreadcrumbList ListItem WebPage Person BlogPosting,,7,0,0,linked in content,,,,,"guarantee claim: "" visitor through advertising. However, rankings and traffic are never guaranteed. Results depend on factors such as: Keyword competition Web""",2 H1s; risky claims: guarantee claim,improve,,"Distinct, relevant informational intent; rewrite for accuracy, evidence and internal links"
https://nameretailer.com/test-blog-post/,/test-blog-post/,blog-post,True,post-sitemap.xml,2025-02-14T22:44:16+00:00,200,200,https://nameretailer.com/test-blog-post/,,https://nameretailer.com/test-blog-post/,yes,"follow, index, max-snippet:-1, max-video-preview:-1, max-image-preview:large",True,Test Blog Post | Name Retailer Blog,35,Test Blog Post Page,19,1,Test Blog Post,0,,7,7,0,0,,0,0,,0,0,0,Organization ImageObject WebSite BreadcrumbList ListItem WebPage Person BlogPosting,,0,0,0,orphan (no internal links),,,,,,description length 19; thin editorial content (7 words); orphan (no internal links),drop-410,,WordPress/test content with no durable search intent
https://nameretailer.com/the-real-benefits-of-guest-blogging-you-shouldnt-miss/,/the-real-benefits-of-guest-blogging-you-shouldnt-miss/,blog-post,True,post-sitemap.xml,2026-08-21T17:30:38+00:00,200,200,https://nameretailer.com/the-real-benefits-of-guest-blogging-you-shouldnt-miss/,,https://nameretailer.com/the-real-benefits-of-guest-blogging-you-shouldnt-miss/,yes,"follow, index, max-snippet:-1, max-video-preview:-1, max-image-preview:large",True,The Real Benefits of Guest Blogging You Shouldn't Miss,54,"Guest blogging does more than build links. Explore the referral traffic, brand authority, audience reach and partnership benefits most marketers overlook.",154,1,The Real Benefits of Guest Blogging You Shouldn’t Miss,0,,764,764,0,1,/,0,0,,0,0,0,Organization ImageObject WebSite BreadcrumbList ListItem WebPage Person BlogPosting,,0,0,0,orphan (no internal links),,,,,"guarantee claim: ""nal content writing 3. Manual outreach or existing blogger network 4. Guaranteed placement Reliable guest blog posting services ensure that """,orphan (no internal links); risky claims: guarantee claim,merge→/what-is-guest-posting-and-why-it-still-matters-in-2025/,/what-is-guest-posting-and-why-it-still-matters-in-2025/,Overlapping explanatory guest-posting intent; consolidate into one evergreen guide
https://nameretailer.com/what-is-guest-posting-and-why-it-still-matters-in-2025/,/what-is-guest-posting-and-why-it-still-matters-in-2025/,blog-post,True,post-sitemap.xml,2026-08-21T17:35:43+00:00,200,200,https://nameretailer.com/what-is-guest-posting-and-why-it-still-matters-in-2025/,,https://nameretailer.com/what-is-guest-posting-and-why-it-still-matters-in-2025/,yes,"follow, index, max-snippet:-1, max-video-preview:-1, max-image-preview:large",True,What Is Guest Posting and Why It Still Matters in SEO,53,"Guest posting means publishing content on another site to earn links and reach. Learn how it works, what it costs and why it still matters for SEO today.",153,1,What Is Guest Posting and Why It Still Matters,5,🔍 What is Guest Posting? | 💡 Key Benefits of Guest Posting in 2025 | ⚠️ Guest Posting Mistakes to Avoid | 🛠️ How to Get Started with Guest Posting | 📈 Final Thoughts,383,383,0,0,,0,0,,0,0,0,Organization ImageObject WebSite BreadcrumbList ListItem WebPage Person BlogPosting,,0,0,0,orphan (no internal links),,,,,,orphan (no internal links),improve,,"Distinct, relevant informational intent; rewrite for accuracy, evidence and internal links"
https://nameretailer.com/what-is-trust-flow-why-it-matters-buying-guest-posts/,/what-is-trust-flow-why-it-matters-buying-guest-posts/,blog-post,True,post-sitemap.xml,2026-08-21T15:35:07+00:00,200,200,https://nameretailer.com/what-is-trust-flow-why-it-matters-buying-guest-posts/,,https://nameretailer.com/what-is-trust-flow-why-it-matters-buying-guest-posts/,yes,"follow, index, max-snippet:-1, max-video-preview:-1, max-image-preview:large",True,What Is Trust Flow? Why It Matters for Guest Posts,50,"Trust Flow measures backlink quality, not quantity. Learn what a good Trust Flow score is and how to use it when vetting sites before buying guest posts.",153,2,"What Is Trust Flow and Why It Matters for Guest Posts | Introduction When most people think about evaluating a website’s SEO quality, they immediately think of Domain Authority or Domain Rating. But there is another metric that many SEO professionals consi",0,,981,981,0,0,,0,0,,0,0,0,Organization ImageObject WebSite BreadcrumbList ListItem WebPage Person BlogPosting,,7,0,0,linked in content,,,,,,2 H1s,improve,,"Distinct, relevant informational intent; rewrite for accuracy, evidence and internal links"
https://nameretailer.com/why-guest-posting-still-works-in-2025-and-how-to-get-maximum-seo-value/,/why-guest-posting-still-works-in-2025-and-how-to-get-maximum-seo-value/,blog-post,True,post-sitemap.xml,2026-08-21T17:34:22+00:00,200,200,https://nameretailer.com/why-guest-posting-still-works-in-2025-and-how-to-get-maximum-seo-value/,,https://nameretailer.com/why-guest-posting-still-works-in-2025-and-how-to-get-maximum-seo-value/,yes,"follow, index, max-snippet:-1, max-video-preview:-1, max-image-preview:large",True,Why Guest Posting Still Works: Maximize Your SEO Value,54,"Guest posting still delivers SEO value when done well. Learn what has changed, what Google rewards now and how to get the most from every placement.",148,1,Why Guest Posting Still Works and How to Maximize SEO Value,0,,816,816,0,1,/,0,0,,0,0,0,Organization ImageObject WebSite BreadcrumbList ListItem WebPage Person BlogPosting,,0,0,0,orphan (no internal links),,,,,"verification claim (needs evidence): ""tion. Here’s how you can stay on the right side: Choose websites with real traffic and audience engagement Avoid sites that publish everythi""",orphan (no internal links); risky claims: verification claim (needs evidence),merge→/what-is-guest-posting-and-why-it-still-matters-in-2025/,/what-is-guest-posting-and-why-it-still-matters-in-2025/,Overlapping explanatory guest-posting intent; consolidate into one evergreen guide
https://nameretailer.com/community-guidelines/,/community-guidelines/,community,True,page-sitemap.xml,2025-03-06T01:27:30+00:00,200,200,https://nameretailer.com/community-guidelines/,,https://nameretailer.com/community-guidelines/,yes,"follow, index, max-snippet:-1, max-video-preview:-1, max-image-preview:large",True,Community Guidelines | Name Retailer,36,"Website: www.nameretailer.comCompany: NameRetailer IncContact: info@nameretailer.com At NameRetailer Inc, we are committed to building a trusted and positi",155,1,Community Guidelines,9,1. Respect and Professionalism | 2. Authentic and Honest Dealings | 3. Privacy Matters | 4. Prohibited Content and Activities | 5. Fraud Prevention | 6. Reporting Violations | 7. Consequences of Violations | 8. Updates to These Guidelines | Thank You!,423,423,0,1,/,0,0,,0,0,0,Organization ImageObject WebSite BreadcrumbList ListItem WebPage Person Article,,0,0,143,nav-only,,,,,,nav-only; Article schema on non-article page,drop-410,,No confirmed community product or verifiable review corpus in scope
https://nameretailer.com/networking-opportunities/,/networking-opportunities/,community,True,page-sitemap.xml,2025-03-06T01:32:37+00:00,200,200,https://nameretailer.com/networking-opportunities/,,https://nameretailer.com/networking-opportunities/,yes,"follow, index, max-snippet:-1, max-video-preview:-1, max-image-preview:large",True,Networking Opportunities | Name Retailer,40,"At NameRetailer Inc, we believe that success in the digital world doesn’t happen in isolation. Building meaningful relationships with like-minded pro",149,1,Networking Opportunities,5,🌐 Connect with a Global Blogging Community | 🤝 Why Networking Matters for You | 💡 Opportunities We Provide | 📈 Grow Beyond Content | 📩 Let’s Build Your Network,322,322,0,0,,0,0,,0,0,0,Organization ImageObject WebSite BreadcrumbList ListItem WebPage Person Article,,0,0,143,nav-only,,,,,,nav-only; Article schema on non-article page,drop-301→/blog/,/blog/,Peripheral community content; preserve any useful material in the blog
https://nameretailer.com/top-blogging-forums-to-join-and-grow-your-blogging-journey/,/top-blogging-forums-to-join-and-grow-your-blogging-journey/,community,True,page-sitemap.xml,2025-03-06T01:29:10+00:00,200,200,https://nameretailer.com/top-blogging-forums-to-join-and-grow-your-blogging-journey/,,https://nameretailer.com/top-blogging-forums-to-join-and-grow-your-blogging-journey/,yes,"follow, index, max-snippet:-1, max-video-preview:-1, max-image-preview:large",True,Top Blogging Forums to Join and Grow Your Blogging Journey |,60,"Blogging is more than just writing—it’s about building a community, sharing knowledge, and continuously improving your craft. One of the best ways to",149,1,Top Blogging Forums to Join and Grow Your Blogging Journey,10,⭐ 1. Warrior Forum | ⭐ 2. Digital Point Forums | ⭐ 3. BloggingPro Forum (Community linked with BloggingPro website) | ⭐ 4. Reddit – Blogging Subreddits | ⭐ 5. ProBlogger Community | ⭐ 6. SitePoint Forums | ⭐ 7. Indie Hackers | ✅ Why Should You Join Blogging Forums? | 🚀 Conclusion | 💡 Need help with blogging or content writing?,551,551,0,0,,0,6,https://www.bloggingpro.com/ https://www.digitalpoint.com/ https://www.indiehackers.com/ https://www.reddit.com/r/ProBlogger/ https://www.reddit.com/r/blogging/ https://www.warriorforum.com/,0,0,0,Organization ImageObject WebSite BreadcrumbList ListItem WebPage Person Article,,0,0,143,nav-only,,,,,,nav-only; Article schema on non-article page,drop-301→/blog/,/blog/,Peripheral community content; preserve any useful material in the blog
https://nameretailer.com/user-reviews/,/user-reviews/,community,True,page-sitemap.xml,2025-03-06T01:33:56+00:00,200,200,https://nameretailer.com/user-reviews/,,https://nameretailer.com/user-reviews/,yes,"follow, index, max-snippet:-1, max-video-preview:-1, max-image-preview:large",True,User Reviews | Name Retailer,28,"🌟 What Our Clients Say About Us At NameRetailer Inc, we value the feedback of our clients and community. Your experiences help us grow and continue deliver",155,1,User Reviews,4,🌟 What Our Clients Say About Us | 🚧 Page Under Construction | 🕒 Stay Tuned! | 🚀 Coming Soon: Real Stories. Real Reviews. Real Results.,179,179,0,0,,0,0,,0,0,0,Organization ImageObject WebSite BreadcrumbList ListItem WebPage Person Article,,0,0,143,nav-only,,,,,,nav-only; Article schema on non-article page,drop-410,,No confirmed community product or verifiable review corpus in scope
https://nameretailer.com/writers-community/,/writers-community/,community,True,page-sitemap.xml,2025-03-06T01:30:54+00:00,200,200,https://nameretailer.com/writers-community/,,https://nameretailer.com/writers-community/,yes,"follow, index, max-snippet:-1, max-video-preview:-1, max-image-preview:large",True,Writers’ Community | Name Retailer,34,"Welcome to the Writers’ Community of NameRetailer Inc! At NameRetailer Inc, we take pride in having a dynamic and talented community of writers from all ar",155,1,Writers’ Community,5,🌍 A Global Network of Expert Writers | 🏆 Why Our Writers Stand Out | 🤝 Collaborative and Supportive Community | 🚀 Join the Success of NameRetailer Inc | 📩 Get in Touch,382,382,0,0,,0,0,,0,0,0,Organization ImageObject WebSite BreadcrumbList ListItem WebPage Person Article,,0,0,143,nav-only,,,,,,nav-only; Article schema on non-article page,drop-301→/blog/,/blog/,Peripheral community content; preserve any useful material in the blog
http://www.nameretailer.com/,/,home,False,,,301,200,https://nameretailer.com/,301:/ > 200:/,https://nameretailer.com/,,"follow, index, max-snippet:-1, max-video-preview:-1, max-image-preview:large",False,Buy Guest Posts on High Authority Sites | Name Retailer,55,"Buy high-quality guest posts on high authority sites. Browse 56,000+ vetted domains by DA, DR, traffic and price. Real dofollow links, fast delivery.",149,,Buy High-Quality Guest Posts on High-Authority Sites,,Welcome To Name Retailer,1277,16,1261,,/my-account,,,,,,,Organization ImageObject WebSite SearchAction WebPage,56079,0,0,0,n/a (redirect/error),,,,/backlinks-0-to-100k/ (same listing rows 1.0); /trust-flow-0-to-10/ (same listing rows 1.0); /zero-to-50k-traffic/ (same listing rows 0.875),"unverified inventory size claim: ""Retailer Buy high-quality guest posts on high authority sites. Browse 56,000+ vetted domains by DA, DR, traffic and price. Real dofollow lin""",redirects to /; risky claims: unverified inventory size claim,drop-301→https://nameretailer.com/,https://nameretailer.com/,Normalize HTTP and www in one hop to the canonical origin
https://nameretailer.com/,/,home,True,page-sitemap.xml,2026-08-20T18:36:10+00:00,200,200,https://nameretailer.com/,,https://nameretailer.com/,yes,"follow, index, max-snippet:-1, max-video-preview:-1, max-image-preview:large",True,Buy Guest Posts on High Authority Sites | Name Retailer,55,"Buy high-quality guest posts on high authority sites. Browse 56,000+ vetted domains by DA, DR, traffic and price. Real dofollow links, fast delivery.",149,1,Buy High-Quality Guest Posts on High-Authority Sites,1,Welcome To Name Retailer,1277,16,1261,1,/my-account,34,0,,30,0,0,Organization ImageObject WebSite SearchAction WebPage,56079,19,0,143,linked in content,,,,/backlinks-0-to-100k/ (same listing rows 1.0); /trust-flow-0-to-10/ (same listing rows 1.0); /zero-to-50k-traffic/ (same listing rows 0.875),"unverified inventory size claim: ""Retailer Buy high-quality guest posts on high authority sites. Browse 56,000+ vetted domains by DA, DR, traffic and price. Real dofollow lin""",thin editorial content (16 words); risky claims: unverified inventory size claim,improve,,Primary commercial marketplace page; retain and substantially expand trustworthy buyer guidance
https://www.nameretailer.com/,/,home,False,,,301,200,https://nameretailer.com/,301:/ > 200:/,https://nameretailer.com/,,"follow, index, max-snippet:-1, max-video-preview:-1, max-image-preview:large",False,Buy Guest Posts on High Authority Sites | Name Retailer,55,"Buy high-quality guest posts on high authority sites. Browse 56,000+ vetted domains by DA, DR, traffic and price. Real dofollow links, fast delivery.",149,,Buy High-Quality Guest Posts on High-Authority Sites,,Welcome To Name Retailer,1277,16,1261,,/my-account,,,,,,,Organization ImageObject WebSite SearchAction WebPage,56079,0,0,0,n/a (redirect/error),,,,/backlinks-0-to-100k/ (same listing rows 1.0); /trust-flow-0-to-10/ (same listing rows 1.0); /zero-to-50k-traffic/ (same listing rows 0.875),"unverified inventory size claim: ""Retailer Buy high-quality guest posts on high authority sites. Browse 56,000+ vetted domains by DA, DR, traffic and price. Real dofollow lin""",redirects to /; risky claims: unverified inventory size claim,drop-301→https://nameretailer.com/,https://nameretailer.com/,Normalize the www host to the canonical HTTPS origin
https://nameretailer.com/cookie-policy/,/cookie-policy/,legal,True,page-sitemap.xml,2026-03-15T02:22:43+00:00,200,200,https://nameretailer.com/cookie-policy/,,https://nameretailer.com/cookie-policy/,yes,"follow, index, max-snippet:-1, max-video-preview:-1, max-image-preview:large",True,Cookie & Policy | Name Retailer,31,"Review the Cookie & Policy for Name Retailer, including user rights, obligations, policies, and important platform terms.",121,1,Cookie & Policy,6,2. What Are Cookies? | 3. How We Use Cookies | 4. Types of Cookies We Use | 5. How to Control Cookies | 6. Updates to This Cookie Policy | 7. Contact Us,500,500,0,1,/cookie-policy/,0,5,https://adssettings.google.com/ https://support.apple.com/en-gb/guide/safari/sfri11471/mac https://support.microsoft.com/en-us/microsoft-edge/delete-cookies-in-microsoft-edge-63947406-40ac-c3b8-57b9-2a946a29ae09 https://support.mozilla.org/en-US/kb/enable-and-disable-cookies-website-preferences https://www.facebook.com/ads/preferences,0,0,0,Organization ImageObject WebSite BreadcrumbList ListItem WebPage Person Article,,0,0,143,nav-only,,,,,,nav-only; Article schema on non-article page,improve,,"Retain useful distinct intent; correct metadata, claims, schema and internal linking"
https://nameretailer.com/copyright-policy/,/copyright-policy/,legal,True,page-sitemap.xml,2026-03-15T02:25:10+00:00,200,200,https://nameretailer.com/copyright-policy/,,https://nameretailer.com/copyright-policy/,yes,"follow, index, max-snippet:-1, max-video-preview:-1, max-image-preview:large",True,Copyright Policy | Name Retailer,32,"Review the Copyright Policy for Name Retailer, including user rights, obligations, policies, and important platform terms.",122,1,Copyright Policy,10,2. Copyright Ownership | 3. Permitted Uses | 4. Reporting Copyright Infringement | 5. How We Handle Copyright Complaints | 6. Counter-Notification Process | 7. Repeat Infringers Policy | 8. Use of Copyrighted Materials on Third-Party Platforms | 9. Copyright and Fair Use Disclaimer | 10. Changes to This Copyright Policy | 11. Contact Information,833,833,0,1,/copyright-policy/,0,0,,0,0,0,Organization ImageObject WebSite BreadcrumbList ListItem WebPage Person Article,,0,0,143,nav-only,,,,,,nav-only; Article schema on non-article page,improve,,"Retain useful distinct intent; correct metadata, claims, schema and internal linking"
https://nameretailer.com/dmca-compliance-policy/,/dmca-compliance-policy/,legal,True,page-sitemap.xml,2025-03-06T01:16:27+00:00,200,200,https://nameretailer.com/dmca-compliance-policy/,,https://nameretailer.com/dmca-compliance-policy/,yes,"follow, index, max-snippet:-1, max-video-preview:-1, max-image-preview:large",True,DMCA Compliance Policy | Name Retailer,38,"Review the DMCA Compliance Policy for Name Retailer, including user rights, obligations, policies, and important platform terms.",128,1,DMCA Compliance Policy,6,Introduction | Notice of Claimed Infringement | Counter-Notification | Repeat Infringer Policy | Policy Updates | Contact Information,406,406,0,1,/,0,0,,0,0,0,Organization ImageObject WebSite BreadcrumbList ListItem WebPage Person Article,,0,0,143,nav-only,,,,,,nav-only; Article schema on non-article page,improve,,"Retain useful distinct intent; correct metadata, claims, schema and internal linking"
https://nameretailer.com/refund-policy/,/refund-policy/,legal,True,page-sitemap.xml,2025-02-26T21:38:01+00:00,200,200,https://nameretailer.com/refund-policy/,,https://nameretailer.com/refund-policy/,yes,"follow, index, max-snippet:-1, max-video-preview:-1, max-image-preview:large",True,Refund Policy | Name Retailer,29,"Review the Refund Policy for Name Retailer, including user rights, obligations, policies, and important platform terms.",119,1,Refund Policy,7,1. Refund Eligibility | 2. No Refunds After Link Approval | 3. Refund Processing Time | 4. How to Request a Refund? | 5. Important Notes | 6. Dispute Resolution | 7. Contact Us,577,577,0,0,,0,0,,0,0,0,Organization ImageObject WebSite BreadcrumbList ListItem WebPage Person Article,,0,0,143,nav-only,,,,,,nav-only; Article schema on non-article page,improve,,"Retain useful distinct intent; correct metadata, claims, schema and internal linking"
https://nameretailer.com/terms-privacy/,/terms-privacy/,legal,True,page-sitemap.xml,2026-08-21T13:27:39+00:00,200,200,https://nameretailer.com/terms-privacy/,,https://nameretailer.com/terms-privacy/,yes,"follow, index, max-snippet:-1, max-video-preview:-1, max-image-preview:large",True,Terms & Privacy | Name Retailer,31,"Review the Terms & Privacy for Name Retailer, including user rights, obligations, policies, and important platform terms.",121,1,Privacy Policy,6,Interpretation and Definitions | Collecting and Using Your Personal Data | Children’s Privacy | Links to Other Websites | Changes to this Privacy Policy | Contact Us,2419,2419,0,1,/,0,0,,1,0,0,Organization ImageObject WebSite BreadcrumbList ListItem WebPage Person Article,,2,0,143,linked in content,,,,,"guarantee claim: ""ommercially acceptable means to protect Your Personal Data, We cannot guarantee its absolute security. Children’s Privacy Our Service does n""",Article schema on non-article page; risky claims: guarantee claim,improve,,"Retain useful distinct intent; correct metadata, claims, schema and internal linking"
https://nameretailer.com/user-agreement/,/user-agreement/,legal,True,page-sitemap.xml,2025-03-06T01:25:55+00:00,200,200,https://nameretailer.com/user-agreement/,,https://nameretailer.com/user-agreement/,yes,"follow, index, max-snippet:-1, max-video-preview:-1, max-image-preview:large",True,User Agreement | Name Retailer,30,"Review the User Agreement for Name Retailer, including user rights, obligations, policies, and important platform terms.",120,1,User Agreement,8,1. Introduction | 2. User Privacy & Data Protection | 3. Prohibited Activities | 4. Fraudulent Transactions | 5. Account Responsibility | 6. Changes to the Agreement | 7. Contact Us | 8. Acceptance of Terms,399,399,0,2,/ /terms-privacy/,0,0,,0,0,0,Organization ImageObject WebSite BreadcrumbList ListItem WebPage Person Article,,0,0,143,nav-only,,,,,,nav-only; Article schema on non-article page,improve,,"Retain useful distinct intent; correct metadata, claims, schema and internal linking"
https://nameretailer.com/100k-to-500k/,/100k-to-500k/,marketplace-segment,True,page-sitemap.xml,2026-08-21T17:38:42+00:00,200,200,https://nameretailer.com/100k-to-500k/,,https://nameretailer.com/100k-to-500k/,yes,"follow, index, max-snippet:-1, max-video-preview:-1, max-image-preview:large",True,Guest Post Sites With 100k to 500k Monthly Traffic,50,"Browse guest post sites getting 100k to 500k monthly visitors. Real traffic, vetted metrics and dofollow links. Filter by niche, DA, DR and price.",146,1,"100K to 500K Traffic Guest Post Sites – High Visibility, High Authority",1,Premium Traffic Placements for Maximum Brand Exposure,2947,281,2666,4,/100k-to-500k/ /50k-to-500k/ /above-500k/ /da50toda60-sites/,34,0,,60,0,0,Organization ImageObject WebSite BreadcrumbList ListItem WebPage Person Article,,4,0,143,linked in content,,,,,"verification claim (needs evidence): ""raffic Browse guest post sites getting 100k to 500k monthly visitors. Real traffic, vetted metrics and dofollow links. Filter by niche, DA, """,Article schema on non-article page; risky claims: verification claim (needs evidence),merge→/guest-posts-by-traffic/,/guest-posts-by-traffic/,Overlapping traffic ranges should be filter states under one useful landing page
https://nameretailer.com/50k-to-500k/,/50k-to-500k/,marketplace-segment,True,page-sitemap.xml,2026-03-13T01:29:51+00:00,200,200,https://nameretailer.com/50k-to-500k/,,https://nameretailer.com/50k-to-500k/,yes,"follow, index, max-snippet:-1, max-video-preview:-1, max-image-preview:large",True,50k To 100k | Name Retailer,27,50K to 100K Traffic Guest Post Sites – Scale Your Reach With Authority The Ideal Traffic Range for Brand Visibility and Link Equity Guest post placements o,155,1,50K to 100K Traffic Guest Post Sites – Scale Your Reach With Authority,1,The Ideal Traffic Range for Brand Visibility and Link Equity,86000,294,85706,4,/100k-to-500k/ /50k-to-500k/ /da40toda50/ /zero-to-50k-traffic/,1002,0,,2000,0,0,Organization ImageObject WebSite BreadcrumbList ListItem WebPage Person Article,,3,0,143,linked in content,,,,,,Article schema on non-article page,merge→/guest-posts-by-traffic/,/guest-posts-by-traffic/,Overlapping traffic ranges should be filter states under one useful landing page
https://nameretailer.com/above-500k/,/above-500k/,marketplace-segment,True,page-sitemap.xml,2026-08-21T17:40:53+00:00,200,200,https://nameretailer.com/above-500k/,,https://nameretailer.com/above-500k/,yes,"follow, index, max-snippet:-1, max-video-preview:-1, max-image-preview:large",True,High Traffic Guest Post Sites: 500k+ Monthly Visits,51,Buy guest posts on high traffic sites with over 500k monthly visitors. Premium placements on authority domains with real audiences and dofollow links.,150,1,"Above 500K Traffic Guest Post Sites – Reach Millions, Rank Higher",1,The Most Visited Platforms in Our Guest Post Marketplace,87702,288,87414,4,/above-500k/ /da70toda80/ /da80toda90/ /trust-flow-50-and-above/,1002,0,,2000,0,0,Organization ImageObject WebSite BreadcrumbList ListItem WebPage Person Article,,6,0,143,linked in content,,,,,,Article schema on non-article page,merge→/guest-posts-by-traffic/,/guest-posts-by-traffic/,Overlapping traffic ranges should be filter states under one useful landing page
https://nameretailer.com/backlinks-0-to-100k/,/backlinks-0-to-100k/,marketplace-segment,True,page-sitemap.xml,2026-08-21T13:47:55+00:00,200,200,https://nameretailer.com/backlinks-0-to-100k/,,https://nameretailer.com/backlinks-0-to-100k/,yes,"follow, index, max-snippet:-1, max-video-preview:-1, max-image-preview:large",True,Backlinks 0 to 100k - Guest Post Sites & Backlinks | Name Re,60,"Browse Backlinks 0 to 100k listings to find quality guest post opportunities, relevant backlinks, and SEO-friendly placements for your niche.",141,1,Backlinks 0 to 100k,0,,1268,4,1264,0,,34,0,,30,0,0,Organization ImageObject WebSite BreadcrumbList ListItem WebPage Person Article,,2,0,0,linked in content,,,,/ (same listing rows 1.0); /trust-flow-0-to-10/ (same listing rows 1.0); /zero-to-50k-traffic/ (same listing rows 0.875),,thin editorial content (4 words); Article schema on non-article page,merge→/guest-posts-by-backlinks/,/guest-posts-by-backlinks/,Thin or empty backlink-band pages should be filter states
https://nameretailer.com/backlinks-100k-to-500k/,/backlinks-100k-to-500k/,marketplace-segment,True,page-sitemap.xml,2026-08-21T13:40:42+00:00,200,200,https://nameretailer.com/backlinks-100k-to-500k/,,https://nameretailer.com/backlinks-100k-to-500k/,yes,"follow, index, max-snippet:-1, max-video-preview:-1, max-image-preview:large",True,Backlinks 100k to 500k - Guest Post Sites & Backlinks | Name,60,"Browse Backlinks 100k to 500k listings to find quality guest post opportunities, relevant backlinks, and SEO-friendly placements for your niche.",144,1,Backlinks With Traffic From 100k to 500k,0,,43,7,36,0,,0,0,,0,0,0,Organization ImageObject WebSite BreadcrumbList ListItem WebPage Person Article,,1,0,0,linked in content,,,,,,thin editorial content (7 words); listing widget shows 0 results; Article schema on non-article page,merge→/guest-posts-by-backlinks/,/guest-posts-by-backlinks/,Thin or empty backlink-band pages should be filter states
https://nameretailer.com/backlinks-500k-above/,/backlinks-500k-above/,marketplace-segment,True,page-sitemap.xml,2025-05-31T19:47:22+00:00,200,200,https://nameretailer.com/backlinks-500k-above/,,https://nameretailer.com/backlinks-500k-above/,yes,"follow, index, max-snippet:-1, max-video-preview:-1, max-image-preview:large",True,Backlinks 500k Above - Guest Post Sites & Backlinks | Name R,60,"Browse Backlinks 500k Above listings to find quality guest post opportunities, relevant backlinks, and SEO-friendly placements for your niche.",142,1,Backlinks 500k Above,0,,39,3,36,0,,0,0,,0,0,0,Organization ImageObject WebSite BreadcrumbList ListItem WebPage Person Article,,2,0,0,linked in content,,,,,,thin editorial content (3 words); listing widget shows 0 results; Article schema on non-article page,merge→/guest-posts-by-backlinks/,/guest-posts-by-backlinks/,Thin or empty backlink-band pages should be filter states
https://nameretailer.com/da10toda20/,/da10toda20/,marketplace-segment,True,page-sitemap.xml,2026-03-13T00:09:35+00:00,200,200,https://nameretailer.com/da10toda20/,,https://nameretailer.com/da10toda20/,yes,"follow, index, max-snippet:-1, max-video-preview:-1, max-image-preview:large",True,DA10toDA20 - Guest Post Sites & Backlinks | Name Retailer,57,"Browse DA10toDA20 listings to find quality guest post opportunities, relevant backlinks, and SEO-friendly placements for your niche.",132,1,DA 10 to DA 20 Guest Post Sites – Affordable Mid-Entry Link Building,1,Why DA 10-20 Sites Are a Smart Budget Choice,1597,345,1252,4,/da10toda20/ /da1toda10/ /da20toda30/ /price-0-to-50/,34,0,,30,0,0,Organization ImageObject WebSite BreadcrumbList ListItem WebPage Person Article,1363,4,0,143,linked in content,,,,,,Article schema on non-article page,merge→/guest-post-sites-by-domain-authority/,/guest-post-sites-by-domain-authority/,Templated DA bands should consolidate into one useful DA landing page with filter states
https://nameretailer.com/da1toda10/,/da1toda10/,marketplace-segment,True,page-sitemap.xml,2026-03-12T23:56:26+00:00,200,200,https://nameretailer.com/da1toda10/,,https://nameretailer.com/da1toda10/,yes,"follow, index, max-snippet:-1, max-video-preview:-1, max-image-preview:large",True,DA1toDA10 - Guest Post Sites & Backlinks | Name Retailer,56,"Browse DA1toDA10 listings to find quality guest post opportunities, relevant backlinks, and SEO-friendly placements for your niche.",131,1,DA 1 to DA 10 Guest Post Sites – Build Your Foundation Today,1,Start Smart with Low DA Guest Posting,1577,345,1232,3,/da10toda20/ /da1toda10/ /dr-0-to-20/,32,0,,30,0,0,Organization ImageObject WebSite BreadcrumbList ListItem WebPage Person Article,59,5,0,143,linked in content,,,,,"verification claim (needs evidence): ""g links from private blog networks or expired domains you are earning genuine editorial placements on real, actively maintained websites. Br""",Article schema on non-article page; risky claims: verification claim (needs evidence),merge→/guest-post-sites-by-domain-authority/,/guest-post-sites-by-domain-authority/,Templated DA bands should consolidate into one useful DA landing page with filter states
https://nameretailer.com/da20toda30/,/da20toda30/,marketplace-segment,True,page-sitemap.xml,2026-03-13T00:21:40+00:00,200,200,https://nameretailer.com/da20toda30/,,https://nameretailer.com/da20toda30/,yes,"follow, index, max-snippet:-1, max-video-preview:-1, max-image-preview:large",True,DA20toDA30 - Guest Post Sites & Backlinks | Name Retailer,57,"Browse DA20toDA30 listings to find quality guest post opportunities, relevant backlinks, and SEO-friendly placements for your niche.",132,1,DA 20 to DA 30 Guest Post Sites – Grow Your Authority Strategically,1,The Sweet Spot of Mid-Range Authority Link Building,1597,315,1282,4,/backlinks-0-to-100k/ /da10toda20/ /da20toda30/ /da30toda40/,34,0,,30,0,0,Organization ImageObject WebSite BreadcrumbList ListItem WebPage Person Article,6742,5,0,143,linked in content,,,,,,Article schema on non-article page,merge→/guest-post-sites-by-domain-authority/,/guest-post-sites-by-domain-authority/,Templated DA bands should consolidate into one useful DA landing page with filter states
https://nameretailer.com/da30toda40/,/da30toda40/,marketplace-segment,True,page-sitemap.xml,2026-03-13T00:24:15+00:00,200,200,https://nameretailer.com/da30toda40/,,https://nameretailer.com/da30toda40/,yes,"follow, index, max-snippet:-1, max-video-preview:-1, max-image-preview:large",True,DA30toDA40 - Guest Post Sites & Backlinks | Name Retailer,57,"Browse DA30toDA40 listings to find quality guest post opportunities, relevant backlinks, and SEO-friendly placements for your niche.",132,1,DA 30 to DA 40 Guest Post Sites – Serious Authority for Serious Campaigns,1,Where Mid-Authority Guest Posting Starts Delivering Real Results,1564,305,1259,4,/da20toda30/ /da30toda40/ /da40toda50/ /trust-flow-21-to-30/,34,0,,30,0,0,Organization ImageObject WebSite BreadcrumbList ListItem WebPage Person Article,15263,4,0,143,linked in content,,,,,,Article schema on non-article page,merge→/guest-post-sites-by-domain-authority/,/guest-post-sites-by-domain-authority/,Templated DA bands should consolidate into one useful DA landing page with filter states
https://nameretailer.com/da40toda50/,/da40toda50/,marketplace-segment,True,page-sitemap.xml,2026-03-13T00:29:40+00:00,200,200,https://nameretailer.com/da40toda50/,,https://nameretailer.com/da40toda50/,yes,"follow, index, max-snippet:-1, max-video-preview:-1, max-image-preview:large",True,DA40toDA50 - Guest Post Sites & Backlinks | Name Retailer,57,"Browse DA40toDA50 listings to find quality guest post opportunities, relevant backlinks, and SEO-friendly placements for your niche.",132,1,DA 40 to DA 50 Guest Post Sites – High-Impact Placements for Growing Brands,1,Premium Tier Authority Without the Premium Price Tag,1582,307,1275,4,/da30toda40/ /da40toda50/ /da50toda60-sites/ /trust-flow-31-to-40/,34,0,,30,0,0,Organization ImageObject WebSite BreadcrumbList ListItem WebPage Person Article,8848,3,0,143,linked in content,,,,,"verification claim (needs evidence): ""r’s DA 40 to DA 50 inventory is curated to include only websites with verified traffic, low spam scores, and genuine editorial publishing hi""",Article schema on non-article page; risky claims: verification claim (needs evidence),merge→/guest-post-sites-by-domain-authority/,/guest-post-sites-by-domain-authority/,Templated DA bands should consolidate into one useful DA landing page with filter states
https://nameretailer.com/da50toda60-sites/,/da50toda60-sites/,marketplace-segment,True,page-sitemap.xml,2026-03-13T00:32:11+00:00,200,200,https://nameretailer.com/da50toda60-sites/,,https://nameretailer.com/da50toda60-sites/,yes,"follow, index, max-snippet:-1, max-video-preview:-1, max-image-preview:large",True,DA50toDA60 - Guest Post Sites & Backlinks | Name Retailer,57,"Browse DA50toDA60 listings to find quality guest post opportunities, relevant backlinks, and SEO-friendly placements for your niche.",132,2,DA50toDA60 | DA 50 to DA 60 Guest Post Sites – Elite Authority Link Building,1,Where Authority Link Building Reaches the Top Tier,1554,293,1261,4,/da40toda50/ /da50toda60-sites/ /da60toda70/ /trust-flow-41-to-50/,34,0,,30,0,0,Organization ImageObject WebSite BreadcrumbList ListItem WebPage Person Article,21119,6,0,143,linked in content,,,,,"ranking-speed promise: ""ive impact of multiple placements at this tier can produce measurable ranking improvements within weeks of indexation. The editorial standar""; verification claim (needs evidence): ""s a curated selection of DA 50 to DA 60 guest post opportunities with verified traffic data, spam scores, trust flow ratings, and niche clas""","2 H1s; Article schema on non-article page; risky claims: ranking-speed promise, verification claim (needs evidence)",merge→/guest-post-sites-by-domain-authority/,/guest-post-sites-by-domain-authority/,Templated DA bands should consolidate into one useful DA landing page with filter states
https://nameretailer.com/da60toda70/,/da60toda70/,marketplace-segment,True,page-sitemap.xml,2026-03-13T00:36:28+00:00,200,200,https://nameretailer.com/da60toda70/,,https://nameretailer.com/da60toda70/,yes,"follow, index, max-snippet:-1, max-video-preview:-1, max-image-preview:large",True,DA60toDA70 - Guest Post Sites & Backlinks | Name Retailer,57,"Browse DA60toDA70 listings to find quality guest post opportunities, relevant backlinks, and SEO-friendly placements for your niche.",132,1,DA 60 to DA 70 Guest Post Sites – Powerhouse Authority Placements,1,Top-Tier Editorial Placements for Serious SEO Investment,1582,303,1279,4,/da50toda60-sites/ /da60toda70/ /da70toda80/ /trust-flow-50-and-above/,34,0,,30,0,0,Organization ImageObject WebSite BreadcrumbList ListItem WebPage Person Article,5108,4,0,143,linked in content,,,,,,Article schema on non-article page,merge→/guest-post-sites-by-domain-authority/,/guest-post-sites-by-domain-authority/,Templated DA bands should consolidate into one useful DA landing page with filter states
https://nameretailer.com/da70toda80/,/da70toda80/,marketplace-segment,True,page-sitemap.xml,2026-03-13T00:49:29+00:00,200,200,https://nameretailer.com/da70toda80/,,https://nameretailer.com/da70toda80/,yes,"follow, index, max-snippet:-1, max-video-preview:-1, max-image-preview:large",True,DA70toDA80 - Guest Post Sites & Backlinks | Name Retailer,57,"Browse DA70toDA80 listings to find quality guest post opportunities, relevant backlinks, and SEO-friendly placements for your niche.",132,1,DA 70 to DA 80 Guest Post Sites – Maximum Authority for Maximum Impact,1,The Rarest and Most Powerful Guest Post Placements Available,1592,306,1286,4,/above-500k/ /da60toda70/ /da70toda80/ /da80toda90/,34,0,,30,0,0,Organization ImageObject WebSite BreadcrumbList ListItem WebPage Person Article,1379,5,0,143,linked in content,,,,,"guarantee claim: ""tunities through a streamlined ordering process backed by our quality guarantee. Explore our DA 70 to DA 80 listings and filter by niche, la""",Article schema on non-article page; risky claims: guarantee claim,merge→/guest-post-sites-by-domain-authority/,/guest-post-sites-by-domain-authority/,Templated DA bands should consolidate into one useful DA landing page with filter states
https://nameretailer.com/da80toda90/,/da80toda90/,marketplace-segment,True,page-sitemap.xml,2026-03-13T00:50:20+00:00,200,200,https://nameretailer.com/da80toda90/,,https://nameretailer.com/da80toda90/,yes,"follow, index, max-snippet:-1, max-video-preview:-1, max-image-preview:large",True,DA80toDA90 - Guest Post Sites & Backlinks | Name Retailer,57,"Browse DA80toDA90 listings to find quality guest post opportunities, relevant backlinks, and SEO-friendly placements for your niche.",132,1,DA 80 to DA 90 Guest Post Sites – Ultra-Premium Authority Placements,1,Where Only the Most Authoritative Websites Reside,1658,292,1366,4,/backlinks-500k-above/ /da70toda80/ /da80toda90/ /da90toda100/,34,0,,30,0,0,Organization ImageObject WebSite BreadcrumbList ListItem WebPage Person Article,425,6,0,143,linked in content,,,,,,Article schema on non-article page,merge→/guest-post-sites-by-domain-authority/,/guest-post-sites-by-domain-authority/,Templated DA bands should consolidate into one useful DA landing page with filter states
https://nameretailer.com/da90toda100/,/da90toda100/,marketplace-segment,True,page-sitemap.xml,2026-03-13T01:18:23+00:00,200,200,https://nameretailer.com/da90toda100/,,https://nameretailer.com/da90toda100/,yes,"follow, index, max-snippet:-1, max-video-preview:-1, max-image-preview:large",True,DA90toDA100 - Guest Post Sites & Backlinks | Name Retailer,58,"Browse DA90toDA100 listings to find quality guest post opportunities, relevant backlinks, and SEO-friendly placements for your niche.",133,1,DA 90 to DA 100 Guest Post Sites – The Absolute Pinnacle of Link Authority,1,The Most Powerful Backlinks on the Internet,1645,289,1356,4,/above-500k/ /da1toda10/ /da80toda90/ /da90toda100/,34,0,,30,0,0,Organization ImageObject WebSite BreadcrumbList ListItem WebPage Person Article,173,2,0,143,linked in content,,,,,,Article schema on non-article page,merge→/guest-post-sites-by-domain-authority/,/guest-post-sites-by-domain-authority/,Templated DA bands should consolidate into one useful DA landing page with filter states
https://nameretailer.com/dr-0-to-20/,/dr-0-to-20/,marketplace-segment,True,page-sitemap.xml,2026-03-17T01:23:54+00:00,200,200,https://nameretailer.com/dr-0-to-20/,,https://nameretailer.com/dr-0-to-20/,yes,"follow, index, max-snippet:-1, max-video-preview:-1, max-image-preview:large",True,DR 0 to 20 Guest Post Sites - Guest Post Sites & Backlinks |,60,"Browse DR 0 to 20 Guest Post Sites listings to find quality guest post opportunities, relevant backlinks, and SEO-friendly placements for your niche.",149,2,DR 0 to 20 Guest Post Sites | DR 0 to 20 Guest Post Sites – Affordable Entries for Diverse Link Profiles,1,Ahrefs DR Scores and Why Low-DR Sites Have Real Value,317,312,5,5,/da10toda20/ /dr-0-to-20/ /dr-20-to-50/ /dr-50-above/ /trust-flow-0-to-10/,0,0,,0,0,0,Organization ImageObject WebSite BreadcrumbList ListItem WebPage Person Article,,7,0,143,linked in content,,,,,,2 H1s; Article schema on non-article page,merge→/guest-post-by-dr/,/guest-post-by-dr/,"Thin DR-band pages should be filter states, not competing indexable pages"
https://nameretailer.com/dr-20-to-50/,/dr-20-to-50/,marketplace-segment,True,page-sitemap.xml,2026-03-17T00:20:08+00:00,200,200,https://nameretailer.com/dr-20-to-50/,,https://nameretailer.com/dr-20-to-50/,yes,"follow, index, max-snippet:-1, max-video-preview:-1, max-image-preview:large",True,DR20 To 50 - Guest Post Sites & Backlinks | Name Retailer,57,"Browse DR20 To 50 listings to find quality guest post opportunities, relevant backlinks, and SEO-friendly placements for your niche.",132,2,DR20 To 50 | DR 20 to 50 Guest Post Sites – Mid-Authority Ahrefs DR Placements,1,"The Core of a Balanced, High-Performance Link Profile",278,273,5,3,/dr-0-to-20/ /dr-50-above/ /trust-flow-21-to-30/,0,0,,0,0,0,Organization ImageObject WebSite BreadcrumbList ListItem WebPage Person Article,,5,0,143,linked in content,,,,,,2 H1s; Article schema on non-article page,merge→/guest-post-by-dr/,/guest-post-by-dr/,"Thin DR-band pages should be filter states, not competing indexable pages"
https://nameretailer.com/dr-50-above/,/dr-50-above/,marketplace-segment,True,page-sitemap.xml,2026-03-17T00:23:29+00:00,200,200,https://nameretailer.com/dr-50-above/,,https://nameretailer.com/dr-50-above/,yes,"follow, index, max-snippet:-1, max-video-preview:-1, max-image-preview:large",True,DR 50 Above Guest Post Sites - Guest Post Sites & Backlinks,59,"Browse DR 50 Above Guest Post Sites listings to find quality guest post opportunities, relevant backlinks, and SEO-friendly placements for your niche.",150,2,DR 50 Above Guest Post Sites | DR 50 Above Guest Post Sites – Premium Ahrefs Authority for Top Rankings,1,Elite Domain Rating Placements for Competitive Keyword Domination,299,294,5,5,/100k-to-500k/ /dr-0-to-20/ /dr-20-to-50/ /dr-50-above/ /trust-flow-41-to-50/,0,0,,0,0,0,Organization ImageObject WebSite BreadcrumbList ListItem WebPage Person Article,,5,0,143,linked in content,,,,,"ranking-speed promise: ""oduce measurable ranking improvements for competitive target keywords within weeks of indexation. For campaigns targeting highly competitive""",2 H1s; Article schema on non-article page; risky claims: ranking-speed promise,merge→/guest-post-by-dr/,/guest-post-by-dr/,"Thin DR-band pages should be filter states, not competing indexable pages"
https://nameretailer.com/guest-post-by-dr/,/guest-post-by-dr/,marketplace-segment,True,page-sitemap.xml,2025-05-07T09:18:44+00:00,200,200,https://nameretailer.com/guest-post-by-dr/,,https://nameretailer.com/guest-post-by-dr/,yes,"follow, index, max-snippet:-1, max-video-preview:-1, max-image-preview:large",True,Guest Post By DR - Guest Post Sites & Backlinks | Name Retai,60,"Browse Guest Post By DR listings to find quality guest post opportunities, relevant backlinks, and SEO-friendly placements for your niche.",138,1,Guest Post By DR,0,,4,4,0,0,,0,0,,0,0,0,Organization ImageObject WebSite BreadcrumbList ListItem WebPage Person Article,,0,0,0,orphan (no internal links),,,,,,thin editorial content (4 words); orphan (no internal links); Article schema on non-article page,improve,,Canonical landing page for Domain Rating filters
https://nameretailer.com/guest-posts-by-backlinks/,/guest-posts-by-backlinks/,marketplace-segment,True,page-sitemap.xml,2025-05-07T09:14:29+00:00,200,200,https://nameretailer.com/guest-posts-by-backlinks/,,https://nameretailer.com/guest-posts-by-backlinks/,yes,"follow, index, max-snippet:-1, max-video-preview:-1, max-image-preview:large",True,Guest posts By Backlinks - Guest Post Sites & Backlinks | Na,60,"Browse Guest posts By Backlinks listings to find quality guest post opportunities, relevant backlinks, and SEO-friendly placements for your niche.",146,1,Guest posts By Backlinks,0,,4,4,0,0,,0,0,,0,0,0,Organization ImageObject WebSite BreadcrumbList ListItem WebPage Person Article,,0,0,0,orphan (no internal links),,,,,,thin editorial content (4 words); orphan (no internal links); Article schema on non-article page,improve,,Canonical landing page for backlink-count filtering
https://nameretailer.com/guest-posts-by-majestic-tf-10-to-50/,/guest-posts-by-majestic-tf-10-to-50/,marketplace-segment,True,page-sitemap.xml,2025-05-07T09:08:47+00:00,200,200,https://nameretailer.com/guest-posts-by-majestic-tf-10-to-50/,,https://nameretailer.com/guest-posts-by-majestic-tf-10-to-50/,yes,"follow, index, max-snippet:-1, max-video-preview:-1, max-image-preview:large",True,Guest Posts By Majestic TF 10 to 50 - Guest Post Sites & Bac,60,"Browse Guest Posts By Majestic TF 10 to 50 listings to find quality guest post opportunities, relevant backlinks, and SEO-friendly placements for your nich",155,1,Guest Posts By Majestic TF 10 to 50,0,,8,8,0,0,,0,0,,0,0,0,Organization ImageObject WebSite BreadcrumbList ListItem WebPage Person Article,,0,0,0,orphan (no internal links),,,,,,thin editorial content (8 words); orphan (no internal links); Article schema on non-article page,improve,,Canonical landing page for Majestic Trust Flow filters
https://nameretailer.com/guest-posts-by-price/,/guest-posts-by-price/,marketplace-segment,True,page-sitemap.xml,2025-05-07T09:24:11+00:00,200,200,https://nameretailer.com/guest-posts-by-price/,,https://nameretailer.com/guest-posts-by-price/,yes,"follow, index, max-snippet:-1, max-video-preview:-1, max-image-preview:large",True,Guest Posts By Price - Guest Post Sites & Backlinks | Name R,60,"Browse Guest Posts By Price listings to find quality guest post opportunities, relevant backlinks, and SEO-friendly placements for your niche.",142,1,Guest Posts By Price,0,,4,4,0,0,,0,0,,0,0,0,Organization ImageObject WebSite BreadcrumbList ListItem WebPage Person Article,,0,0,0,orphan (no internal links),,,,,,thin editorial content (4 words); orphan (no internal links); Article schema on non-article page,improve,,Distinct commercial filter intent with inventory; retain but add unique guidance and correct claims
https://nameretailer.com/guest-posts-by-traffic/,/guest-posts-by-traffic/,marketplace-segment,True,page-sitemap.xml,2025-05-07T08:55:49+00:00,200,200,https://nameretailer.com/guest-posts-by-traffic/,,https://nameretailer.com/guest-posts-by-traffic/,yes,"follow, index, max-snippet:-1, max-video-preview:-1, max-image-preview:large",True,Guest Posts By Traffic - Guest Post Sites & Backlinks | Name,60,"Browse Guest Posts By Traffic listings to find quality guest post opportunities, relevant backlinks, and SEO-friendly placements for your niche.",144,1,Guest Posts By Traffic,0,,4,4,0,0,,0,0,,0,0,0,Organization ImageObject WebSite BreadcrumbList ListItem WebPage Person Article,,0,0,0,orphan (no internal links),,,,,,thin editorial content (4 words); orphan (no internal links); Article schema on non-article page,improve,,Canonical landing page for traffic filtering
https://nameretailer.com/monthly-0-to-50/,/monthly-0-to-50/,marketplace-segment,True,page-sitemap.xml,2025-06-12T04:57:32+00:00,200,200,https://nameretailer.com/monthly-0-to-50/,,https://nameretailer.com/monthly-0-to-50/,yes,"follow, index, max-snippet:-1, max-video-preview:-1, max-image-preview:large",True,Monthly Price 0 To 50 - Guest Post Sites & Backlinks | Name,59,"Browse Monthly Price 0 To 50 listings to find quality guest post opportunities, relevant backlinks, and SEO-friendly placements for your niche.",143,1,Monthly Price 0 To 50,0,,1281,5,1276,0,,34,0,,30,0,0,Organization ImageObject WebSite BreadcrumbList ListItem WebPage Person Article,,0,0,0,orphan (no internal links),,,,/price-0-to-50/ (same listing rows 1.0),,thin editorial content (5 words); orphan (no internal links); Article schema on non-article page,merge→/price-0-to-50/,/price-0-to-50/,Duplicate monthly-price page; use the corresponding canonical price band
https://nameretailer.com/monthly-100-to-150/,/monthly-100-to-150/,marketplace-segment,True,page-sitemap.xml,2025-06-12T05:01:00+00:00,200,200,https://nameretailer.com/monthly-100-to-150/,,https://nameretailer.com/monthly-100-to-150/,yes,"follow, index, max-snippet:-1, max-video-preview:-1, max-image-preview:large",True,Monthly Price 100 To 150 - Guest Post Sites & Backlinks | Na,60,"Browse Monthly Price 100 To 150 listings to find quality guest post opportunities, relevant backlinks, and SEO-friendly placements for your niche.",146,1,Monthly Price 100 To 150,0,,1291,5,1286,0,,34,0,,30,0,0,Organization ImageObject WebSite BreadcrumbList ListItem WebPage Person Article,,0,0,0,orphan (no internal links),,,,/monthly-50-to-100/ (same listing rows 1.0); /price-50-to-100/ (same listing rows 1.0),,thin editorial content (5 words); orphan (no internal links); Article schema on non-article page,merge→/price-100-to-150/,/price-100-to-150/,Duplicate monthly-price page; use the corresponding canonical price band
https://nameretailer.com/monthly-150-to-200/,/monthly-150-to-200/,marketplace-segment,True,page-sitemap.xml,2025-06-12T05:03:43+00:00,200,200,https://nameretailer.com/monthly-150-to-200/,,https://nameretailer.com/monthly-150-to-200/,yes,"follow, index, max-snippet:-1, max-video-preview:-1, max-image-preview:large",True,Monthly Price 150 To 200 - Guest Post Sites & Backlinks | Na,60,"Browse Monthly Price 150 To 200 listings to find quality guest post opportunities, relevant backlinks, and SEO-friendly placements for your niche.",146,1,Monthly Price 150 To 200,0,,1297,5,1292,0,,34,0,,30,0,0,Organization ImageObject WebSite BreadcrumbList ListItem WebPage Person Article,,0,0,0,orphan (no internal links),,,,/price-150-to-200/ (same listing rows 1.0),,thin editorial content (5 words); orphan (no internal links); Article schema on non-article page,merge→/price-150-to-200/,/price-150-to-200/,Duplicate monthly-price page; use the corresponding canonical price band
https://nameretailer.com/monthly-200-above/,/monthly-200-above/,marketplace-segment,True,page-sitemap.xml,2025-06-12T05:03:57+00:00,200,200,https://nameretailer.com/monthly-200-above/,,https://nameretailer.com/monthly-200-above/,yes,"follow, index, max-snippet:-1, max-video-preview:-1, max-image-preview:large",True,Monthly Price 200 Plus - Guest Post Sites & Backlinks | Name,60,"Browse Monthly Price 200 Plus listings to find quality guest post opportunities, relevant backlinks, and SEO-friendly placements for your niche.",144,1,Monthly Price 200 Plus,0,,1312,4,1308,0,,34,0,,30,0,0,Organization ImageObject WebSite BreadcrumbList ListItem WebPage Person Article,,0,0,0,orphan (no internal links),,,,/price-200-above/ (same listing rows 1.0),,thin editorial content (4 words); orphan (no internal links); Article schema on non-article page,merge→/price-200-above/,/price-200-above/,Duplicate monthly-price page; use the corresponding canonical price band
https://nameretailer.com/monthly-50-to-100/,/monthly-50-to-100/,marketplace-segment,True,page-sitemap.xml,2025-06-12T04:58:07+00:00,200,200,https://nameretailer.com/monthly-50-to-100/,,https://nameretailer.com/monthly-50-to-100/,yes,"follow, index, max-snippet:-1, max-video-preview:-1, max-image-preview:large",True,Monthly Price 50 To 100 - Guest Post Sites & Backlinks | Nam,60,"Browse Monthly Price 50 To 100 listings to find quality guest post opportunities, relevant backlinks, and SEO-friendly placements for your niche.",145,1,Monthly Price 50 To 100,0,,1291,5,1286,0,,34,0,,30,0,0,Organization ImageObject WebSite BreadcrumbList ListItem WebPage Person Article,,0,0,0,orphan (no internal links),,,,/monthly-100-to-150/ (same listing rows 1.0); /price-50-to-100/ (same listing rows 1.0),,thin editorial content (5 words); orphan (no internal links); Article schema on non-article page,merge→/price-50-to-100/,/price-50-to-100/,Duplicate monthly-price page; use the corresponding canonical price band
https://nameretailer.com/monthly/,/monthly/,marketplace-segment,True,page-sitemap.xml,2025-05-07T09:24:59+00:00,200,200,https://nameretailer.com/monthly/,,https://nameretailer.com/monthly/,yes,"follow, index, max-snippet:-1, max-video-preview:-1, max-image-preview:large",True,Monthly - Guest Post Sites & Backlinks | Name Retailer,54,"Browse Monthly listings to find quality guest post opportunities, relevant backlinks, and SEO-friendly placements for your niche.",129,1,Monthly,0,,1,1,0,0,,0,0,,0,0,0,Organization ImageObject WebSite BreadcrumbList ListItem WebPage Person Article,,0,0,0,orphan (no internal links),,,,,,thin editorial content (1 words); orphan (no internal links); Article schema on non-article page,merge→/guest-posts-by-price/,/guest-posts-by-price/,Thin pricing variant duplicates the price hub
https://nameretailer.com/permanent/,/permanent/,marketplace-segment,True,page-sitemap.xml,2025-05-07T09:25:12+00:00,200,200,https://nameretailer.com/permanent/,,https://nameretailer.com/permanent/,yes,"follow, index, max-snippet:-1, max-video-preview:-1, max-image-preview:large",True,Permanent - Guest Post Sites & Backlinks | Name Retailer,56,"Browse Permanent listings to find quality guest post opportunities, relevant backlinks, and SEO-friendly placements for your niche.",131,1,Permanent,0,,1,1,0,0,,0,0,,0,0,0,Organization ImageObject WebSite BreadcrumbList ListItem WebPage Person Article,,0,0,0,orphan (no internal links),,,,,,thin editorial content (1 words); orphan (no internal links); Article schema on non-article page,improve,,Distinct commercial filter intent with inventory; retain but add unique guidance and correct claims
https://nameretailer.com/price-0-to-50/,/price-0-to-50/,marketplace-segment,True,page-sitemap.xml,2026-09-13T16:30:10+00:00,200,200,https://nameretailer.com/price-0-to-50/,,https://nameretailer.com/price-0-to-50/,yes,"follow, index, max-snippet:-1, max-video-preview:-1, max-image-preview:large",True,Guest Post Sites Under $50 - Guest Post Sites & Backlinks |,59,"Browse Guest Post Sites Under $50 listings to find quality guest post opportunities, relevant backlinks, and SEO-friendly placements for your niche.",148,1,Guest Post Sites Under $50,1,Top Guest Post Sites Under $50,3769,1329,2440,10,/competitor-backlink-analyzer/ /content-writing-services/ /da20toda30/ /dr-20-to-50/ /google-ranking-strategies/ /keyword-research-guide/ /price-100-to-150/ /price-150-to-200/ /trust-flow-10-to-50/ /zero-to-50k-traffic/,34,0,,60,0,0,Organization ImageObject WebSite BreadcrumbList ListItem WebPage Person Article,,3,0,143,linked in content,,,,/monthly-0-to-50/ (same listing rows 1.0),"guarantee claim: ""n more depth if you want the mechanics behind why metrics alone don't guarantee results. The second mistake is buying every link from the sa""",Article schema on non-article page; risky claims: guarantee claim,improve,,Distinct commercial filter intent with inventory; retain but add unique guidance and correct claims
https://nameretailer.com/price-100-to-150/,/price-100-to-150/,marketplace-segment,True,page-sitemap.xml,2026-09-13T16:58:42+00:00,200,200,https://nameretailer.com/price-100-to-150/,,https://nameretailer.com/price-100-to-150/,yes,"follow, index, max-snippet:-1, max-video-preview:-1, max-image-preview:large",True,Guest Post Sites $100 to $150 - Guest Post Sites & Backlinks,60,"Browse Guest Post Sites $100 to $150 listings to find quality guest post opportunities, relevant backlinks, and SEO-friendly placements for your niche.",151,1,Guest Post Sites $100 to $150,2,Top Guest Post Sites Under $150 | ,3558,1104,2454,7,/100k-to-500k/ /bulk-domain-rating-checker-tool/ /competitor-backlink-analyzer/ /content-marketing-services/ /dr-0-to-20/ /price-150-to-200/ /price-50-to-100/,34,0,,60,0,0,Organization ImageObject WebSite BreadcrumbList ListItem WebPage Person Article,,4,0,143,linked in content,,,,,"verification claim (needs evidence): "" even though the invoice looks identical. If a specific listing shows real traffic, cross-reference it against the 100K to 500K traffic brac""",Article schema on non-article page; risky claims: verification claim (needs evidence),improve,,Distinct commercial filter intent with inventory; retain but add unique guidance and correct claims
https://nameretailer.com/price-150-to-200/,/price-150-to-200/,marketplace-segment,True,page-sitemap.xml,2026-09-13T16:58:35+00:00,200,200,https://nameretailer.com/price-150-to-200/,,https://nameretailer.com/price-150-to-200/,yes,"follow, index, max-snippet:-1, max-video-preview:-1, max-image-preview:large",True,Guest Post Sites $150 to $200 - Guest Post Sites & Backlinks,60,"Browse Guest Post Sites $150 to $200 listings to find quality guest post opportunities, relevant backlinks, and SEO-friendly placements for your niche.",151,1,Guest Post Sites $150 to $200,1,Top Guest Post Sites Under $200,3574,1082,2492,6,/competitor-backlink-analyzer/ /content-marketing-services/ /da50toda60-sites/ /dr-50-above/ /price-100-to-150/ /price-200-above/,34,0,,60,0,0,Organization ImageObject WebSite BreadcrumbList ListItem WebPage Person Article,,3,0,143,linked in content,,,,/monthly-150-to-200/ (same listing rows 1.0),"guarantee claim: ""tern, but it's a pattern observed in one snapshot of inventory, not a guarantee built into the price tag. A single high-spam listing can sti""; verification claim (needs evidence): ""hows ""below 500"" monthly visits regardless of price. In this bracket, real traffic numbers, five figures and occasionally six, start appeari""","Article schema on non-article page; risky claims: guarantee claim, verification claim (needs evidence)",improve,,Distinct commercial filter intent with inventory; retain but add unique guidance and correct claims
https://nameretailer.com/price-200-above/,/price-200-above/,marketplace-segment,True,page-sitemap.xml,2026-09-13T16:58:27+00:00,200,200,https://nameretailer.com/price-200-above/,,https://nameretailer.com/price-200-above/,yes,"follow, index, max-snippet:-1, max-video-preview:-1, max-image-preview:large",True,Guest Post Sites Over $200 - Guest Post Sites & Backlinks |,59,"Browse Guest Post Sites Over $200 listings to find quality guest post opportunities, relevant backlinks, and SEO-friendly placements for your niche.",148,1,Guest Post Sites Over $200,2,$200 Guest Post Sites | ,3509,949,2560,4,/above-500k/ /bulk-domain-rating-checker-tool/ /competitor-backlink-analyzer/ /da70toda80/,34,0,,60,0,0,Organization ImageObject WebSite BreadcrumbList ListItem WebPage Person Article,,2,0,143,linked in content,,,,/monthly-200-above/ (same listing rows 1.0),"verification claim (needs evidence): "" like the $150 to $200 tier just below it: DA in the 20s to 50s, some verified traffic, TAT typically under a week. Climb toward the middle """,Article schema on non-article page; risky claims: verification claim (needs evidence),improve,,Distinct commercial filter intent with inventory; retain but add unique guidance and correct claims
https://nameretailer.com/price-50-to-100/,/price-50-to-100/,marketplace-segment,True,page-sitemap.xml,2026-09-13T16:58:50+00:00,200,200,https://nameretailer.com/price-50-to-100/,,https://nameretailer.com/price-50-to-100/,yes,"follow, index, max-snippet:-1, max-video-preview:-1, max-image-preview:large",True,Guest Post Sites Under $50 to $100 - Guest Post Sites & Back,60,"Browse Guest Post Sites Under $50 to $100 listings to find quality guest post opportunities, relevant backlinks, and SEO-friendly placements for your niche",155,1,Guest Post Sites Under $50 to $100,2,Top Guest Post Sites Under $100 | ,3590,1106,2484,8,/competitor-backlink-analyzer/ /da30toda40/ /dr-20-to-50/ /dr-50-above/ /keyword-research-guide/ /price-0-to-50/ /price-100-to-150/ /zero-to-50k-traffic/,34,0,,60,0,0,Organization ImageObject WebSite BreadcrumbList ListItem WebPage Person Article,,2,0,143,linked in content,,,,/monthly-100-to-150/ (same listing rows 1.0); /monthly-50-to-100/ (same listing rows 1.0),"verification claim (needs evidence): ""cklink profile, a more consistent publishing history, or occasionally real traffic, without yet commanding the price tag of an established p""",Article schema on non-article page; risky claims: verification claim (needs evidence),improve,,Distinct commercial filter intent with inventory; retain but add unique guidance and correct claims
https://nameretailer.com/products/,/products/,marketplace-segment,True,page-sitemap.xml,2025-01-08T18:43:26+00:00,200,200,https://nameretailer.com/products/,,https://nameretailer.com/products/,yes,"follow, index, max-snippet:-1, max-video-preview:-1, max-image-preview:large",True,Products | Name Retailer,24,"Explore Products on Name Retailer for guest posting, SEO tools, and digital growth resources.",93,1,Products,0,,1,1,0,0,,0,0,,0,0,0,Organization ImageObject WebSite BreadcrumbList ListItem WebPage Person Article,,0,0,0,orphan (no internal links),,,,,,title length 24; thin editorial content (1 words); orphan (no internal links); Article schema on non-article page,merge→/,/,Empty generic product archive duplicates the marketplace
https://nameretailer.com/trust-flow-0-to-10/,/trust-flow-0-to-10/,marketplace-segment,True,page-sitemap.xml,2026-03-13T02:11:47+00:00,200,200,https://nameretailer.com/trust-flow-0-to-10/,,https://nameretailer.com/trust-flow-0-to-10/,yes,"follow, index, max-snippet:-1, max-video-preview:-1, max-image-preview:large",True,Trust Flow 0 to 10 - Guest Post Sites & Backlinks | Name Ret,60,"Browse Trust Flow 0 to 10 listings to find quality guest post opportunities, relevant backlinks, and SEO-friendly placements for your niche.",140,1,Trust Flow 0 to 10 Guest Post Sites – Building a Natural Link Profile,1,Understanding Trust Flow and Why Low TF Sites Still Matter,2769,274,2495,4,/da1toda10/ /trust-flow-0-to-10/ /trust-flow-10-to-50/ /trust-flow-21-to-30/,34,0,,60,0,0,Organization ImageObject WebSite BreadcrumbList ListItem WebPage Person Article,,4,0,1,linked in content,,,,/ (same listing rows 1.0); /backlinks-0-to-100k/ (same listing rows 1.0); /zero-to-50k-traffic/ (same listing rows 0.875),,Article schema on non-article page,merge→/guest-posts-by-majestic-tf-10-to-50/,/guest-posts-by-majestic-tf-10-to-50/,"Overlapping, thin or empty Trust Flow ranges should become non-indexable filter states"
https://nameretailer.com/trust-flow-10-to-50/,/trust-flow-10-to-50/,marketplace-segment,True,page-sitemap.xml,2026-03-13T16:20:53+00:00,200,200,https://nameretailer.com/trust-flow-10-to-50/,,https://nameretailer.com/trust-flow-10-to-50/,yes,"follow, index, max-snippet:-1, max-video-preview:-1, max-image-preview:large",True,Trust Flow 11 to 20 Guest Post Sites - Guest Post Sites & Ba,60,"Browse Trust Flow 11 to 20 Guest Post Sites listings to find quality guest post opportunities, relevant backlinks, and SEO-friendly placements for your nic",155,1,Trust Flow 11 to 20 Guest Post Sites – Credible Links From Trusted Sources,1,Mid-Range Trust Flow for Balanced Link Building,303,266,37,4,/dr-0-to-20/ /trust-flow-0-to-10/ /trust-flow-10-to-50/ /trust-flow-21-to-30/,0,0,,0,0,0,Organization ImageObject WebSite BreadcrumbList ListItem WebPage Person Article,,4,0,0,linked in content,,,,,"verification claim (needs evidence): ""ogs covering specific hobby areas, regional business directories with genuine editorial content, industry-focused publications at early grow""",listing widget shows 0 results; Article schema on non-article page; risky claims: verification claim (needs evidence),merge→/guest-posts-by-majestic-tf-10-to-50/,/guest-posts-by-majestic-tf-10-to-50/,"Overlapping, thin or empty Trust Flow ranges should become non-indexable filter states"
https://nameretailer.com/trust-flow-21-to-30/,/trust-flow-21-to-30/,marketplace-segment,True,page-sitemap.xml,2026-03-13T16:38:27+00:00,200,200,https://nameretailer.com/trust-flow-21-to-30/,,https://nameretailer.com/trust-flow-21-to-30/,yes,"follow, index, max-snippet:-1, max-video-preview:-1, max-image-preview:large",True,Trust Flow 21 to 30 Guest Post Sites - Guest Post Sites & Ba,60,"Browse Trust Flow 21 to 30 Guest Post Sites listings to find quality guest post opportunities, relevant backlinks, and SEO-friendly placements for your nic",155,1,Trust Flow 21 to 30 Guest Post Sites – Established Trust for Stronger Results,1,Where Trust Signals Start Delivering Measurable SEO Impact,308,271,37,4,/da30toda40/ /trust-flow-10-to-50/ /trust-flow-21-to-30/ /trust-flow-31-to-40/,0,0,,0,0,0,Organization ImageObject WebSite BreadcrumbList ListItem WebPage Person Article,,6,0,1,linked in content,,,,,"verification claim (needs evidence): ""rd rankings. At the TF 21-30 tier, you are getting links that combine genuine editorial quality with meaningful trust metric scores a combin""",listing widget shows 0 results; Article schema on non-article page; risky claims: verification claim (needs evidence),merge→/guest-posts-by-majestic-tf-10-to-50/,/guest-posts-by-majestic-tf-10-to-50/,"Overlapping, thin or empty Trust Flow ranges should become non-indexable filter states"
https://nameretailer.com/trust-flow-31-to-40/,/trust-flow-31-to-40/,marketplace-segment,True,page-sitemap.xml,2026-03-13T16:43:38+00:00,200,200,https://nameretailer.com/trust-flow-31-to-40/,,https://nameretailer.com/trust-flow-31-to-40/,yes,"follow, index, max-snippet:-1, max-video-preview:-1, max-image-preview:large",True,Trust Flow 31 to 40 Guest Post Sites - Guest Post Sites & Ba,60,"Browse Trust Flow 31 to 40 Guest Post Sites listings to find quality guest post opportunities, relevant backlinks, and SEO-friendly placements for your nic",155,1,Trust Flow 31 to 40 Guest Post Sites – Premium Trust Metrics for Competitive Niches,1,High Trust Flow Links for Serious Authority Building,308,271,37,4,/da50toda60-sites/ /trust-flow-21-to-30/ /trust-flow-31-to-40/ /trust-flow-41-to-50/,0,0,,0,0,0,Organization ImageObject WebSite BreadcrumbList ListItem WebPage Person Article,,4,0,1,linked in content,,,,,,listing widget shows 0 results; Article schema on non-article page,merge→/guest-posts-by-majestic-tf-10-to-50/,/guest-posts-by-majestic-tf-10-to-50/,"Overlapping, thin or empty Trust Flow ranges should become non-indexable filter states"
https://nameretailer.com/trust-flow-41-to-50/,/trust-flow-41-to-50/,marketplace-segment,True,page-sitemap.xml,2026-03-13T16:52:21+00:00,200,200,https://nameretailer.com/trust-flow-41-to-50/,,https://nameretailer.com/trust-flow-41-to-50/,yes,"follow, index, max-snippet:-1, max-video-preview:-1, max-image-preview:large",True,Trust Flow 41 to 50 Guest Post Sites - Guest Post Sites & Ba,60,"Browse Trust Flow 41 to 50 Guest Post Sites listings to find quality guest post opportunities, relevant backlinks, and SEO-friendly placements for your nic",155,1,Trust Flow 41 to 50 Guest Post Sites – Elite Authority Backed by Maximum Trust,1,Top-Tier Trust Signals From Industry-Leading Platforms,304,267,37,4,/da60toda70/ /trust-flow-31-to-40/ /trust-flow-41-to-50/ /trust-flow-50-and-above/,0,0,,0,0,0,Organization ImageObject WebSite BreadcrumbList ListItem WebPage Person Article,,5,0,1,linked in content,,,,,,listing widget shows 0 results; Article schema on non-article page,merge→/guest-posts-by-majestic-tf-10-to-50/,/guest-posts-by-majestic-tf-10-to-50/,"Overlapping, thin or empty Trust Flow ranges should become non-indexable filter states"
https://nameretailer.com/trust-flow-50-and-above/,/trust-flow-50-and-above/,marketplace-segment,True,page-sitemap.xml,2026-03-13T16:55:32+00:00,200,200,https://nameretailer.com/trust-flow-50-and-above/,,https://nameretailer.com/trust-flow-50-and-above/,yes,"follow, index, max-snippet:-1, max-video-preview:-1, max-image-preview:large",True,Trust Flow 50+ and Above Guest Post Sites - Guest Post Sites,60,"Browse Trust Flow 50+ and Above Guest Post Sites listings to find quality guest post opportunities, relevant backlinks, and SEO-friendly placements for you",155,1,Trust Flow 50 and Above Guest Post Sites – The Gold Standard in Link Trust,1,The Most Trusted Editorial Platforms in Our Marketplace,311,274,37,5,/above-500k/ /da80toda90/ /trust-flow-0-to-10/ /trust-flow-41-to-50/ /trust-flow-50-and-above/,0,0,,0,0,0,Organization ImageObject WebSite BreadcrumbList ListItem WebPage Person Article,,3,0,1,linked in content,,,,,,listing widget shows 0 results; Article schema on non-article page,merge→/guest-posts-by-majestic-tf-10-to-50/,/guest-posts-by-majestic-tf-10-to-50/,"Overlapping, thin or empty Trust Flow ranges should become non-indexable filter states"
https://nameretailer.com/trust-flow-above-50/,/trust-flow-above-50/,marketplace-segment,True,page-sitemap.xml,2025-05-07T09:11:48+00:00,200,200,https://nameretailer.com/trust-flow-above-50/,,https://nameretailer.com/trust-flow-above-50/,yes,"follow, index, max-snippet:-1, max-video-preview:-1, max-image-preview:large",True,Trust flow Above 50 - Guest Post Sites & Backlinks | Name Re,60,"Browse Trust flow Above 50 listings to find quality guest post opportunities, relevant backlinks, and SEO-friendly placements for your niche.",141,1,Trust flow Above 50,0,,4,4,0,0,,0,0,,0,0,0,Organization ImageObject WebSite BreadcrumbList ListItem WebPage Person Article,,0,0,0,orphan (no internal links),,,,,,thin editorial content (4 words); orphan (no internal links); Article schema on non-article page,merge→/guest-posts-by-majestic-tf-10-to-50/,/guest-posts-by-majestic-tf-10-to-50/,"Overlapping, thin or empty Trust Flow ranges should become non-indexable filter states"
https://nameretailer.com/zero-to-50k-traffic/,/zero-to-50k-traffic/,marketplace-segment,True,page-sitemap.xml,2026-03-13T01:23:03+00:00,200,200,https://nameretailer.com/zero-to-50k-traffic/,,https://nameretailer.com/zero-to-50k-traffic/,yes,"follow, index, max-snippet:-1, max-video-preview:-1, max-image-preview:large",True,Zero To 50k Traffic - Guest Post Sites & Backlinks | Name Re,60,"Browse Zero To 50k Traffic listings to find quality guest post opportunities, relevant backlinks, and SEO-friendly placements for your niche.",141,1,Zero to 50K Traffic Guest Post Sites – Niche Relevance Over Raw Numbers,1,Why Low-Traffic Sites Still Deliver Real SEO Value,2794,303,2491,4,/50k-to-500k/ /da20toda30/ /dr-0-to-20/ /zero-to-50k-traffic/,34,0,,60,0,0,Organization ImageObject WebSite BreadcrumbList ListItem WebPage Person Article,,4,0,143,linked in content,,,,/ (same listing rows 0.875); /backlinks-0-to-100k/ (same listing rows 0.875); /trust-flow-0-to-10/ (same listing rows 0.875),,Article schema on non-article page,merge→/guest-posts-by-traffic/,/guest-posts-by-traffic/,Overlapping traffic ranges should be filter states under one useful landing page
https://nameretailer.com/about/,/about/,other,True,page-sitemap.xml,2026-08-21T13:50:05+00:00,200,200,https://nameretailer.com/about/,,https://nameretailer.com/about/,yes,"follow, index, max-snippet:-1, max-video-preview:-1, max-image-preview:large",True,About Us | Name Retailer,24,"Learn about Name Retailer, our mission, and how we help businesses grow through guest posting, link building, and SEO-focused digital services.",143,1,About Us,5,"Who We Are | Our Services 1. Premium Blog Post Selling One of our flagship services is providing businesses with access to exclusive, high-authority websites where they can publish blog posts with valuable backlin | Our Services | Why Choose Name Retailer Inc Inc? | Our Commitment",694,694,0,0,,0,0,,2,0,1,Organization ImageObject WebSite BreadcrumbList ListItem WebPage Person Article,,0,0,143,nav-only,,,,,"white-hat claim on paid links: ""gh-quality placements that would otherwise be difficult to obtain. 2. White-Hat SEO Practices We strictly adhere to ethical SEO techniques, """,title length 24; nav-only; risky claims: white-hat claim on paid links,improve,,"Retain useful distinct intent; correct metadata, claims, schema and internal linking"
https://nameretailer.com/blog-post-formatting-guide/,/blog-post-formatting-guide/,other,True,page-sitemap.xml,2025-02-15T21:27:19+00:00,200,200,https://nameretailer.com/blog-post-formatting-guide/,,https://nameretailer.com/blog-post-formatting-guide/,yes,"follow, index, max-snippet:-1, max-video-preview:-1, max-image-preview:large",True,Blog post Formatting Guide | Name Retailer,42,Ultimate Guide to Blog Post Formatting: Create Engaging & SEO-Friendly Content Introduction Proper blog post formatting is a crucial aspect of content,150,1,Blog post Formatting Guide,7,Introduction | 1. Understanding the Importance of Blog Formatting | 2. Essential Elements of a Well-Formatted Blog Post | 3. Best Practices for Formatting Blog Posts | 4. Common Mistakes to Avoid in Blog Formatting | 5. How NameRetailer Can Help with Blog Formatting | Conclusion,753,753,0,0,,0,0,,0,0,0,Organization ImageObject WebSite BreadcrumbList ListItem WebPage Person Article,,0,0,143,nav-only,,,,,,nav-only,improve,,"Retain useful distinct intent; correct metadata, claims, schema and internal linking"
https://nameretailer.com/blogging-tips-tricks/,/blogging-tips-tricks/,other,True,page-sitemap.xml,2025-02-15T19:07:25+00:00,200,200,https://nameretailer.com/blogging-tips-tricks/,,https://nameretailer.com/blogging-tips-tricks/,yes,"follow, index, max-snippet:-1, max-video-preview:-1, max-image-preview:large",True,Blogging Tips & Tricks | Name Retailer,38,"Blogging Tips & Tricks: The Ultimate Guide to Creating a Successful Blog Blogging has become one of the most powerful ways to share ideas, build an onl",151,1,Blogging Tips & Tricks,10,1. Understanding the Basics of Blogging | 2. Choosing the Right Blogging Niche | 3. Setting Up Your Blog | 4. Crafting High-Quality Blog Content | 5. Growing Your Blog Audience | 6. Monetizing Your Blog | 7. Avoiding Common Blogging Mistakes | 8. Maximizing Blogging Success with NameRetailer | 9. Staying Motivated & Consistent | Conclusion,904,904,0,0,,0,0,,0,0,0,Organization ImageObject WebSite BreadcrumbList ListItem WebPage Person Article,,0,0,143,nav-only,,,,,,nav-only,improve,,"Retain useful distinct intent; correct metadata, claims, schema and internal linking"
https://nameretailer.com/google-ranking-strategies/,/google-ranking-strategies/,other,True,page-sitemap.xml,2025-02-15T19:13:27+00:00,200,200,https://nameretailer.com/google-ranking-strategies/,,https://nameretailer.com/google-ranking-strategies/,yes,"follow, index, max-snippet:-1, max-video-preview:-1, max-image-preview:large",True,Google Ranking Strategies | Name Retailer,41,"Google Ranking Strategies: The Ultimate Guide to Boosting Your Website’s SEO Ranking high on Google is crucial for online success, whether you run a blog,",154,1,Google Ranking Strategies,10,1. Understanding Google’s Ranking Algorithm | 2. Content Optimization for Better Rankings | 3. Backlink Strategies for Higher Rankings | 4. Technical SEO: Enhancing Website Performance | 5. User Experience (UX) & Its Impact on Rankings | 6. Local SEO for Better Visibility | 7. Voice Search Optimization | 8. Leveraging NameRetailer for Improved Google Rankings | 9. Measuring SEO Success | Conclusion,940,940,0,0,,0,0,,0,0,0,Organization ImageObject WebSite BreadcrumbList ListItem WebPage Person Article,,1,0,143,linked in content,,,,,,,improve,,"Retain useful distinct intent; correct metadata, claims, schema and internal linking"
https://nameretailer.com/headline-writing-tips/,/headline-writing-tips/,other,True,page-sitemap.xml,2025-02-15T21:30:59+00:00,200,200,https://nameretailer.com/headline-writing-tips/,,https://nameretailer.com/headline-writing-tips/,yes,"follow, index, max-snippet:-1, max-video-preview:-1, max-image-preview:large",True,Headline Writing Tips | Name Retailer,37,"Ultimate Guide to Writing Effective Blog Headings Introduction A compelling blog heading is the first thing readers notice, influencing whether they click",154,1,Headline Writing Tips,7,Introduction | 1. Importance of Effective Blog Headings | 2. Tips for Writing Engaging Blog Headings | 3. SEO Optimization for Blog Headings | 4. Common Mistakes to Avoid in Blog Headings | 5. How NameRetailer Can Help You Write Better Blog Headings | Conclusion,521,521,0,0,,0,0,,0,0,0,Organization ImageObject WebSite BreadcrumbList ListItem WebPage Person Article,,0,0,143,nav-only,,,,,,nav-only,improve,,"Retain useful distinct intent; correct metadata, claims, schema and internal linking"
https://nameretailer.com/keyword-research-guide/,/keyword-research-guide/,other,True,page-sitemap.xml,2025-02-15T19:02:50+00:00,200,200,https://nameretailer.com/keyword-research-guide/,,https://nameretailer.com/keyword-research-guide/,yes,"follow, index, max-snippet:-1, max-video-preview:-1, max-image-preview:large",True,Keyword Research Guide | Name Retailer,38,Keyword Research Guide: Boost Your Website’s SEO with NameRetailer Keyword research is the foundation of any successful SEO strategy. Whether you’re runnin,155,1,Keyword Research Guide,0,,661,661,0,0,,0,0,,0,0,0,Organization ImageObject WebSite BreadcrumbList ListItem WebPage Person Article,,2,0,143,linked in content,,,,,,,improve,,"Retain useful distinct intent; correct metadata, claims, schema and internal linking"
https://nameretailer.com/popular-article-categories/,/popular-article-categories/,other,True,page-sitemap.xml,2025-02-14T18:06:28+00:00,200,200,https://nameretailer.com/popular-article-categories/,,https://nameretailer.com/popular-article-categories/,yes,"follow, index, max-snippet:-1, max-video-preview:-1, max-image-preview:large",True,Popular Article Categories | Name Retailer,42,"Popular Categories in Blog Posts – Name Retailers Inc At Name Retailers Inc, we understand the importance of selecting the right blog post categories to en",155,1,Popular Article Categories,0,,630,630,0,1,/,0,0,,0,0,0,Organization ImageObject WebSite BreadcrumbList ListItem WebPage Person Article,,0,0,143,nav-only,,,,,,nav-only,improve,,"Retain useful distinct intent; correct metadata, claims, schema and internal linking"
https://nameretailer.com/trending-articles/,/trending-articles/,other,True,page-sitemap.xml,2025-02-13T22:59:01+00:00,200,200,https://nameretailer.com/trending-articles/,,https://nameretailer.com/trending-articles/,yes,"follow, index, max-snippet:-1, max-video-preview:-1, max-image-preview:large",True,Trending Articles | Name Retailer,33,"Trending Article Ideas – Name Retailers Inc At Name Retailers Inc, we specialize in creating content that keeps your audience engaged and your website rele",155,1,Trending Articles,0,,453,453,0,1,/,0,0,,0,0,0,Organization ImageObject WebSite BreadcrumbList ListItem WebPage Person Article,,1,0,143,linked in content,,,,,,,improve,,"Retain useful distinct intent; correct metadata, claims, schema and internal linking"
https://nameretailer.com/buy-blog-posts/,/buy-blog-posts/,service,True,page-sitemap.xml,2026-08-21T17:04:27+00:00,200,200,https://nameretailer.com/buy-blog-posts/,,https://nameretailer.com/buy-blog-posts/,yes,"follow, index, max-snippet:-1, max-video-preview:-1, max-image-preview:large",True,Buy Blog Posts Online | Expert Writers | Name Retailer,54,"Buy blog posts written by expert writers in your niche. SEO-optimized, plagiarism-free content delivered on time with unlimited revisions included.",147,1,Buy Blog Posts Written by Expert Writers,0,,455,455,0,1,/,0,0,,0,0,0,Organization ImageObject WebSite BreadcrumbList ListItem WebPage Service Offer,,1,0,143,linked in content,,,,,,,improve,,"Retain useful distinct intent; correct metadata, claims, schema and internal linking"
https://nameretailer.com/content-marketing-services/,/content-marketing-services/,service,True,page-sitemap.xml,2026-08-21T17:18:40+00:00,200,200,https://nameretailer.com/content-marketing-services/,,https://nameretailer.com/content-marketing-services/,yes,"follow, index, max-snippet:-1, max-video-preview:-1, max-image-preview:large",True,Content Marketing Services for Growth | Name Retailer,53,"Content marketing services built for organic growth. Strategy, keyword research, writing and distribution handled end to end so your traffic compounds.",151,1,Content Marketing Services That Drive Traffic,0,,489,489,0,1,/,0,0,,0,0,0,Organization ImageObject WebSite BreadcrumbList ListItem WebPage Service Offer,,2,0,143,linked in content,,,,,,,improve,,"Retain useful distinct intent; correct metadata, claims, schema and internal linking"
https://nameretailer.com/content-writing-services/,/content-writing-services/,service,True,page-sitemap.xml,2026-08-21T17:20:00+00:00,200,200,https://nameretailer.com/content-writing-services/,,https://nameretailer.com/content-writing-services/,yes,"follow, index, max-snippet:-1, max-video-preview:-1, max-image-preview:large",True,Professional Content Writing Services | Name Retailer,53,"Professional content writing services for blogs, websites and landing pages. Native writers, SEO-ready drafts and fast turnaround at clear flat rates.",150,1,Professional Content Writing Services,4,What Are Content Writing Services? | Benefits of Professional Content Writing Services | How NameRetailer Can Help You with Content Writing | Conclusion,497,497,0,0,,0,0,,0,0,0,Organization ImageObject WebSite BreadcrumbList ListItem WebPage Service Offer,,1,0,143,linked in content,,,,,,,improve,,"Retain useful distinct intent; correct metadata, claims, schema and internal linking"
https://nameretailer.com/exclusive-content/,/exclusive-content/,service,True,page-sitemap.xml,2025-02-14T18:13:56+00:00,200,200,https://nameretailer.com/exclusive-content/,,https://nameretailer.com/exclusive-content/,yes,"follow, index, max-snippet:-1, max-video-preview:-1, max-image-preview:large",True,Exclusive Content | Name Retailer,33,"Exclusive Content – Name Retailers Inc At Name Retailers Inc, we provide premium exclusive content that sets your business apart from the competition. Our",154,1,Exclusive Content,0,,516,516,0,1,/,0,0,,0,0,0,Organization ImageObject WebSite BreadcrumbList ListItem WebPage Person Article,,0,0,143,nav-only,,,,,,nav-only; Article schema on non-article page,merge→/content-writing-services/,/content-writing-services/,Thin overlapping content-writing offer
https://nameretailer.com/guests-blogging-services/,/guests-blogging-services/,service,True,page-sitemap.xml,2026-08-21T17:42:09+00:00,200,200,https://nameretailer.com/guests-blogging-services/,,https://nameretailer.com/guests-blogging-services/,yes,"follow, index, max-snippet:-1, max-video-preview:-1, max-image-preview:large",True,Guest Blogging Services That Boost Rankings | Name Retailer,59,"Professional guest blogging services that build authority links and boost rankings. Vetted publishers, real traffic sites and full outreach handled for you.",156,1,Guest Blogging Services to Boost Your Rankings,0,,592,592,0,1,/,0,0,,0,0,0,Organization ImageObject WebSite BreadcrumbList ListItem WebPage Person Article,,0,0,143,nav-only,,,,,"verification claim (needs evidence): ""ces that build authority links and boost rankings. Vetted publishers, real traffic sites and full outreach handled for you. Guest Blogging S""",nav-only; Article schema on non-article page; risky claims: verification claim (needs evidence),improve,,"Retain useful distinct intent; correct metadata, claims, schema and internal linking"
https://nameretailer.com/niche-blog-posts/,/niche-blog-posts/,service,True,page-sitemap.xml,2025-02-14T18:11:04+00:00,200,200,https://nameretailer.com/niche-blog-posts/,,https://nameretailer.com/niche-blog-posts/,yes,"follow, index, max-snippet:-1, max-video-preview:-1, max-image-preview:large",True,Niche Blog Posts | Name Retailer,32,"Niche Blog Posts – Name Retailers Inc At Name Retailers Inc, we help businesses find their niche and create high-quality niche blog posts that drive traffi",155,1,Niche Blog Posts,0,,476,476,0,1,/,0,0,,0,0,0,Organization ImageObject WebSite BreadcrumbList ListItem WebPage Person Article,,0,0,143,nav-only,,,,,,nav-only; Article schema on non-article page,merge→/content-writing-services/,/content-writing-services/,Thin overlapping content-writing offer
https://nameretailer.com/plagiarism-checking/,/plagiarism-checking/,service,True,page-sitemap.xml,2025-02-15T21:24:25+00:00,200,200,https://nameretailer.com/plagiarism-checking/,,https://nameretailer.com/plagiarism-checking/,yes,"follow, index, max-snippet:-1, max-video-preview:-1, max-image-preview:large",True,Plagiarism Checking | Name Retailer,35,Plagiarism Checking: Ensuring Originality and Integrity in Content Introduction to Plagiarism Checking Plagiarism checking is the process of analyzing a pi,155,1,Plagiarism Checking,6,What is Plagiarism? | How Does Plagiarism Checking Work? | Why is Plagiarism Checking Important? | Top Plagiarism Detection Tools | How NameRetailer Can Help | Conclusion,517,517,0,0,,0,0,,0,0,0,Organization ImageObject WebSite BreadcrumbList ListItem WebPage Person Article,,0,0,143,nav-only,,,,,,nav-only; Article schema on non-article page,improve,,"Retain useful distinct intent; correct metadata, claims, schema and internal linking"
https://nameretailer.com/proofreading-editing/,/proofreading-editing/,service,True,page-sitemap.xml,2025-02-15T21:22:01+00:00,200,200,https://nameretailer.com/proofreading-editing/,,https://nameretailer.com/proofreading-editing/,yes,"follow, index, max-snippet:-1, max-video-preview:-1, max-image-preview:large",True,Proofreading & Editing | Name Retailer,38,Proofreading & Editing Services: Perfect Your Content with Precision Introduction to Proofreading & Editing Services Proofreading and editing are e,147,1,Proofreading & Editing,7,What is Proofreading? | What is Editing? | Types of Proofreading & Editing Services | Benefits of Professional Proofreading & Editing | Why Choose Professional Proofreading & Editing Services? | How NameRetailer Can Help You | Conclusion,553,553,0,0,,0,0,,0,0,0,Organization ImageObject WebSite BreadcrumbList ListItem WebPage Person Article,,0,0,143,nav-only,,,,,,nav-only; Article schema on non-article page,improve,,"Retain useful distinct intent; correct metadata, claims, schema and internal linking"
https://nameretailer.com/request-a-custom-blog-post/,/request-a-custom-blog-post/,service,True,page-sitemap.xml,2025-02-13T22:54:22+00:00,200,200,https://nameretailer.com/request-a-custom-blog-post/,,https://nameretailer.com/request-a-custom-blog-post/,yes,"follow, index, max-snippet:-1, max-video-preview:-1, max-image-preview:large",True,Request a custom blog post? | Name Retailer,43,"Custom Blog Posts – Name Retailers Inc At Name Retailers Inc, we understand that every business has unique content needs. That’s why we offer custom blog p",155,1,Request a custom blog post?,0,,315,315,0,1,/,0,0,,0,0,0,Organization ImageObject WebSite BreadcrumbList ListItem WebPage Person Article,,1,0,143,linked in content,,,,,,Article schema on non-article page,merge→/buy-blog-posts/,/buy-blog-posts/,Same transaction intent as buying a blog post
https://nameretailer.com/seo-optimized-blog-posts/,/seo-optimized-blog-posts/,service,True,page-sitemap.xml,2026-08-21T17:17:39+00:00,200,200,https://nameretailer.com/seo-optimized-blog-posts/,,https://nameretailer.com/seo-optimized-blog-posts/,yes,"follow, index, max-snippet:-1, max-video-preview:-1, max-image-preview:large",True,SEO Optimized Blog Posts Written to Rank | Name Retailer,56,"Order SEO-optimized blog posts built around real keyword research. Proper headings, internal links and search intent baked in, delivered ready to publish.",154,1,SEO-Optimized Blog Posts Written to Rank,0,,581,581,0,1,/,0,0,,0,0,0,Organization ImageObject WebSite BreadcrumbList ListItem WebPage Service Offer,,0,0,143,nav-only,,,,,,nav-only,improve,,"Retain useful distinct intent; correct metadata, claims, schema and internal linking"
https://nameretailer.com/social-media-promotion/,/social-media-promotion/,service,True,page-sitemap.xml,2026-08-21T17:16:28+00:00,200,200,https://nameretailer.com/social-media-promotion/,,https://nameretailer.com/social-media-promotion/,yes,"follow, index, max-snippet:-1, max-video-preview:-1, max-image-preview:large",True,Social Media Promotion Services | Name Retailer Inc,51,Social media promotion services that put your content in front of real audiences. Targeted distribution across major platforms with transparent reporting.,154,1,Social Media Promotion Services,8,1. Understanding Social Media Promotion | 2. Choosing the Right Social Media Platforms | 3. Creating a Strong Social Media Strategy | 4. Organic vs. Paid Social Media Promotion | 5. Measuring and Analyzing Social Media Performance | 6. Leveraging NameRetailer for Social Media Promotion | 7. Future Trends in Social Media Promotion | Conclusion,892,892,0,0,,0,0,,0,0,0,Organization ImageObject WebSite BreadcrumbList ListItem WebPage Service Offer,,0,0,143,nav-only,,,,,,nav-only,improve,,"Retain useful distinct intent; correct metadata, claims, schema and internal linking"
https://nameretailer.com/contact-us/,/contact-us/,support,True,page-sitemap.xml,2026-08-21T13:46:37+00:00,200,200,https://nameretailer.com/contact-us/,,https://nameretailer.com/contact-us/,yes,"follow, index, max-snippet:-1, max-video-preview:-1, max-image-preview:large",True,Contact NameRetailer | Guest Post Marketplace Support,53,"Contact NameRetailer for guest post marketplace support, inquiries, and assistance. Reach our team by email or use our contact form for quick help.",147,1,Keep in touch,6,Live CHAT SUPPORT | Coming Soon.... | Email us | info@nameretailer.com | Address | 26 - G Hamriyah Freezone Sharjah United Arab Emirates,30,22,8,0,,0,0,,0,0,0,Organization ImageObject WebSite BreadcrumbList ListItem WebPage Person Article,,0,0,143,nav-only,,,,,,thin editorial content (22 words); nav-only; Article schema on non-article page,improve,,"Retain useful distinct intent; correct metadata, claims, schema and internal linking"
https://nameretailer.com/customer-support-2/,/customer-support-2/,support,True,page-sitemap.xml,2026-03-15T02:26:58+00:00,200,200,https://nameretailer.com/customer-support-2/,,https://nameretailer.com/customer-support-2/,yes,"follow, index, max-snippet:-1, max-video-preview:-1, max-image-preview:large",True,Customer Support | Name Retailer,32,"Get in touch with Name Retailer for help with guest posting, SEO services, account support, billing questions, and custom content requests.",139,1,Customer Support,6,1. How to Reach Us? | 2. Types of Support We Provide | 3. Response Time & Working Hours | 4. Frequently Asked Questions (FAQs) | 5. Our Commitment to Excellent Support | 6. Contact Us,556,556,0,1,/,0,0,,0,0,0,Organization ImageObject WebSite BreadcrumbList ListItem WebPage Person Article,,0,0,143,nav-only,,/help-center/,,,,duplicate description; nav-only; Article schema on non-article page,merge→/help-center/,/help-center/,Duplicate support intent and meta description
https://nameretailer.com/faq/,/faq/,support,True,page-sitemap.xml,2025-02-13T17:24:25+00:00,200,200,https://nameretailer.com/faq/,,https://nameretailer.com/faq/,yes,"follow, index, max-snippet:-1, max-video-preview:-1, max-image-preview:large",True,FAQ | Name Retailer,19,1. What services does Name Retailers Inc provide?We specialize in selling high-quality blog posts and offer professional content writing services tailored,154,1,FAQ,0,,265,265,0,0,,0,0,,0,0,0,Organization ImageObject WebSite BreadcrumbList ListItem WebPage Person Article,,0,0,143,nav-only,,,,,,title length 19; nav-only; Article schema on non-article page,improve,,"Retain useful distinct intent; correct metadata, claims, schema and internal linking"
https://nameretailer.com/help-center/,/help-center/,support,True,page-sitemap.xml,2025-02-13T17:37:03+00:00,200,200,https://nameretailer.com/help-center/,,https://nameretailer.com/help-center/,yes,"follow, index, max-snippet:-1, max-video-preview:-1, max-image-preview:large",True,Help Center | Name Retailer,27,"Get in touch with Name Retailer for help with guest posting, SEO services, account support, billing questions, and custom content requests.",139,1,Help Center,0,,502,502,0,0,,0,0,,0,0,0,Organization ImageObject WebSite BreadcrumbList ListItem WebPage Person Article,,0,0,143,nav-only,,/customer-support-2/,,,,duplicate description; nav-only; Article schema on non-article page,improve,,"Retain useful distinct intent; correct metadata, claims, schema and internal linking"
https://nameretailer.com/how-it-works/,/how-it-works/,support,True,page-sitemap.xml,2026-08-21T17:59:30+00:00,200,200,https://nameretailer.com/how-it-works/,,https://nameretailer.com/how-it-works/,yes,"follow, index, max-snippet:-1, max-video-preview:-1, max-image-preview:large",True,How Our Guest Posting Service Works | Name Retailer,51,"See how our guest posting service works, step by step. Pick a site, submit your topic, approve the draft and get your live dofollow link in days.",145,1,How Our Guest Posting Service Works,0,,391,391,0,1,/,0,0,,0,0,0,Organization ImageObject WebSite BreadcrumbList ListItem WebPage Person Article,,1,0,143,linked in content,,,,,,Article schema on non-article page,improve,,"Retain useful distinct intent; correct metadata, claims, schema and internal linking"
https://nameretailer.com/invoices-billing/,/invoices-billing/,support,True,page-sitemap.xml,2025-02-26T21:42:02+00:00,200,200,https://nameretailer.com/invoices-billing/,,https://nameretailer.com/invoices-billing/,yes,"follow, index, max-snippet:-1, max-video-preview:-1, max-image-preview:large",True,Invoices & Billing | Name Retailer,34,"At NameRetailer, we believe in providing a seamless and transparent billing experience for our customers. Our invoicing process is simple, automated, and e",155,1,Invoices & Billing,6,1. Order Confirmation & Invoice Generation | 2. How to Access Your Invoice? | 3. Invoice Details Included | 4. Can I Request a Separate Invoice? | 5. Billing & Payment Issues | 6. Need Further Assistance?,500,500,0,0,,0,0,,0,0,0,Organization ImageObject WebSite BreadcrumbList ListItem WebPage Person Article,,0,0,143,nav-only,,,,,,nav-only; Article schema on non-article page,improve,,"Retain useful distinct intent; correct metadata, claims, schema and internal linking"
https://nameretailer.com/payment-methods/,/payment-methods/,support,True,page-sitemap.xml,2025-02-26T21:32:55+00:00,200,200,https://nameretailer.com/payment-methods/,,https://nameretailer.com/payment-methods/,yes,"follow, index, max-snippet:-1, max-video-preview:-1, max-image-preview:large",True,Payment Methods | Name Retailer,31,"At NameRetailer, we strive to provide a seamless and secure shopping experience for our customers. We offer multiple payment methods to ensure convenience",154,1,Payment Methods,4,Accepted Payment Methods | Security & Data Protection | Frequently Asked Questions (FAQs) | Need Help?,354,354,0,0,,0,0,,0,0,0,Organization ImageObject WebSite BreadcrumbList ListItem WebPage Person Article,,0,0,143,nav-only,,,,,,nav-only; Article schema on non-article page,improve,,"Retain useful distinct intent; correct metadata, claims, schema and internal linking"
https://nameretailer.com/amp-validator/,/amp-validator/,tool,True,page-sitemap.xml,2026-08-21T17:52:38+00:00,200,200,https://nameretailer.com/amp-validator/,,https://nameretailer.com/amp-validator/,yes,"follow, index, max-snippet:-1, max-video-preview:-1, max-image-preview:large",True,Free AMP Validator and Page Test Tool | Name Retailer,53,"Validate your AMP pages free. Paste a URL to catch AMP HTML errors and warnings, then fix them before Google drops your pages from mobile results.",146,3,Free AMP Validator & Test Tool | AMP Validator & Checker | AMP Validator: The Complete Guide to Testing and Fixing Accelerated Mobile Pages,18,Validate Your AMP Page | What Is an AMP Validator and How Does It Work | Why AMP Validation Matters for Mobile SEO | Understanding the Most Common AMP Validation Errors | How to Use the AMP Validator Tool Step by Step | AMP HTML Boilerplate: The Foundation of Every Valid Page | Structured Data and AMP: Maximizing Rich Result Eligibility | AMP Cache: What Happens After Successful Validation | Integrating AMP Validation Into Your Development Workflow | AMP Components: Validation Rules for Dynamic Content | Debugging AMP Errors in Google Search Console | AMP for WordPress: Validation Considerations for CMS Users | AMP Validation for E-Commerce and Product Pages | Real Device Testing vs Validator Tools: Why You Need Both | AMP Analytics: Validating Tracking Implementations | Staying Current With AMP Specification Updates | Frequently Asked Questions | Conclusion: Making AMP Validation a Core Part of Your Mobile Strategy,4221,4221,0,13,/base64-encode-decode/ /competitor-backlink-analyzer/ /crop-image/ /file-size-converter/ /hex-to-rgb/ /image-to-bw/ /length-converter/ /px-to-rem/ /reverse-text/ /rotate-image/ /temperature-converter/ /text-case-converter/ /word-counter/,0,0,,0,0,0,Organization ImageObject WebSite BreadcrumbList ListItem WebPage Person Article,,2,0,143,linked in content,,,,,"guarantee claim: ""ering the smooth, stable rendering experience that AMP is designed to guarantee. How to Use the AMP Validator Tool Step by Step Using a dedi""",3 H1s; Article schema on non-article page; risky claims: guarantee claim,improve,,"Owner requires rebuild; add one H1, substantive guidance, honest data provenance and marketplace pathways"
https://nameretailer.com/base64-encode-decode,/base64-encode-decode,tool,False,,,301,200,https://nameretailer.com/base64-encode-decode/,301:/base64-encode-decode > 200:/base64-encode-decode/,https://nameretailer.com/base64-encode-decode/,,"follow, index, max-snippet:-1, max-video-preview:-1, max-image-preview:large",False,Base64 Encode/Decode | Name Retailer,36,Base64 Encode & Decode Encode plain text to Base64 or decode Base64 strings back to text. Useful for developers and data encoding. 🔒 Encode to Base64 🔓,151,,Base64 Encode/Decode | Base64 Encode & Decode,,All Tools,115,25,90,,,,,,,,,Organization ImageObject WebSite BreadcrumbList ListItem WebPage Person Article,,0,0,0,n/a (redirect/error),,,,,,redirects to /base64-encode-decode/,drop-301→https://nameretailer.com/base64-encode-decode/,https://nameretailer.com/base64-encode-decode/,Existing URL variant should keep a direct permanent redirect
https://nameretailer.com/base64-encode-decode/,/base64-encode-decode/,tool,True,page-sitemap.xml,2026-03-04T15:24:20+00:00,200,200,https://nameretailer.com/base64-encode-decode/,,https://nameretailer.com/base64-encode-decode/,yes,"follow, index, max-snippet:-1, max-video-preview:-1, max-image-preview:large",True,Base64 Encode/Decode | Name Retailer,36,Base64 Encode & Decode Encode plain text to Base64 or decode Base64 strings back to text. Useful for developers and data encoding. 🔒 Encode to Base64 🔓,151,2,Base64 Encode/Decode | Base64 Encode & Decode,1,All Tools,115,25,90,0,,17,0,,0,0,0,Organization ImageObject WebSite BreadcrumbList ListItem WebPage Person Article,,2,17,143,linked in content,,,,,,2 H1s; thin editorial content (25 words); Article schema on non-article page,improve,,"Owner requires rebuild; add one H1, substantive guidance, honest data provenance and marketplace pathways"
https://nameretailer.com/bulk-domain-rating-checker-tool/,/bulk-domain-rating-checker-tool/,tool,True,page-sitemap.xml,2026-08-21T17:45:16+00:00,200,200,https://nameretailer.com/bulk-domain-rating-checker-tool/,,https://nameretailer.com/bulk-domain-rating-checker-tool/,yes,"follow, index, max-snippet:-1, max-video-preview:-1, max-image-preview:large",True,Free Bulk Domain Rating (DR) Checker Tool | Name Retailer,57,"Check domain rating for many URLs at once with our free bulk DR checker. Paste your list, get DR scores instantly and export results. No signup required.",153,2,Free Bulk Domain Rating (DR) Checker Tool | Bulk Domain Rating Checker,1,Bulk DR Checker,170,170,0,0,,0,0,,0,0,0,Organization ImageObject WebSite BreadcrumbList ListItem WebPage Person Article,,4,0,143,linked in content,,,,,,2 H1s; Article schema on non-article page,improve,,"Owner requires rebuild; add one H1, substantive guidance, honest data provenance and marketplace pathways"
https://nameretailer.com/competitor-backlink-analyzer/,/competitor-backlink-analyzer/,tool,True,page-sitemap.xml,2026-08-21T17:46:23+00:00,200,200,https://nameretailer.com/competitor-backlink-analyzer/,,https://nameretailer.com/competitor-backlink-analyzer/,yes,"follow, index, max-snippet:-1, max-video-preview:-1, max-image-preview:large",True,Free Competitor Backlink Analyzer Tool | Name Retailer,54,"Analyze any competitor's backlink profile free. See referring domains, anchor text and link quality, then find the sites worth targeting for your own SEO.",154,3,Free Competitor Backlink Analyzer | Competitor Guest Post Checker | Competitor Backlink Analyzer: The Complete Guide to Outranking Your Competition,18,Analyze Competitor Backlinks | What Is a Competitor Backlink Analyzer and Why Does It Matter | Understanding Key Metrics in Backlink Analysis | How to Conduct a Thorough Link Audit of Your Competitors | Backlink Gap Analysis: Finding Opportunities Your Competitors Already Know About | Dofollow vs Nofollow Links: What Your Competitor’s Profile Reveals | Domain Authority vs Domain Rating: Choosing the Right Metrics for Your Campaign | Identifying Toxic Backlinks in a Competitor’s Profile | Using Link Velocity Data to Benchmark Your Growth | How Anchor Text Distribution Shapes Your Link Profile | Building a Backlink Monitoring System for Ongoing Competitor Intelligence | Niche Backlink Research: Vertical-Specific Strategies That Work | Exporting and Reporting Backlink Data for Clients and Teams | Free vs Paid Competitor Backlink Analyzer Tools: What You Actually Get | Common Mistakes to Avoid When Analyzing Competitor Backlinks | Turning Competitive Backlink Intelligence Into a Scalable Link Building System | Frequently Asked Questions | Conclusion: Making Competitor Backlink Analysis a Core Part of Your SEO Strategy,4473,4473,0,11,/compress-image/ /crop-image/ /da10toda20/ /da1toda10/ /da20toda30/ /image-to-bw/ /image-to-webp-converter/ /jpg-to-png-converter/ /resize-image/ /rotate-image/ /webp-to-png-converter/,0,0,,4,0,0,Organization ImageObject WebSite BreadcrumbList ListItem WebPage Person Article,,7,0,143,linked in content,,,,,"guarantee claim: ""alty. Treat competitor backlink data as a map of possibilities, not a guaranteed recipe for success. Your job is to identify which subset of""",3 H1s; Article schema on non-article page; risky claims: guarantee claim,improve,,"Owner requires rebuild; add one H1, substantive guidance, honest data provenance and marketplace pathways"
https://nameretailer.com/compress-image,/compress-image,tool,False,,,301,200,https://nameretailer.com/compress-image/,301:/compress-image > 200:/compress-image/,https://nameretailer.com/compress-image/,,"follow, index, max-snippet:-1, max-video-preview:-1, max-image-preview:large",False,Compress Image Online Free | Fast Image Compressor,50,"Compress images online free without losing quality. Reduce JPG, PNG and WebP file sizes in seconds to speed up your website and save on bandwidth.",146,,Compress Image Online – Free Image Compressor | Compress Image Online,,All Tools,132,31,101,,,,,,,,,Organization ImageObject WebSite BreadcrumbList ListItem WebPage Person Article,,0,0,0,n/a (redirect/error),,,,,,redirects to /compress-image/,drop-301→https://nameretailer.com/compress-image/,https://nameretailer.com/compress-image/,Existing URL variant should keep a direct permanent redirect
https://nameretailer.com/compress-image/,/compress-image/,tool,True,page-sitemap.xml,2026-08-21T18:02:08+00:00,200,200,https://nameretailer.com/compress-image/,,https://nameretailer.com/compress-image/,yes,"follow, index, max-snippet:-1, max-video-preview:-1, max-image-preview:large",True,Compress Image Online Free | Fast Image Compressor,50,"Compress images online free without losing quality. Reduce JPG, PNG and WebP file sizes in seconds to speed up your website and save on bandwidth.",146,2,Compress Image Online – Free Image Compressor | Compress Image Online,1,All Tools,132,31,101,0,,17,0,,0,0,0,Organization ImageObject WebSite BreadcrumbList ListItem WebPage Person Article,,2,17,143,linked in content,,,,,,2 H1s; thin editorial content (31 words); Article schema on non-article page,improve,,"Owner requires rebuild; add one H1, substantive guidance, honest data provenance and marketplace pathways"
https://nameretailer.com/crop-image,/crop-image,tool,False,,,301,200,https://nameretailer.com/crop-image/,301:/crop-image > 200:/crop-image/,https://nameretailer.com/crop-image/,,"follow, index, max-snippet:-1, max-video-preview:-1, max-image-preview:large",False,Crop Image | Name Retailer,26,"Crop Image Online Crop images to exact pixel dimensions online for free. Set X, Y, width and height. No upload — browser-based. ✂️Drop image hereAny image",154,,Crop Image | Crop Image Online,,All Tools,131,24,107,,,,,,,,,Organization ImageObject WebSite BreadcrumbList ListItem WebPage Person Article,,0,0,0,n/a (redirect/error),,,,,,redirects to /crop-image/,drop-301→https://nameretailer.com/crop-image/,https://nameretailer.com/crop-image/,Existing URL variant should keep a direct permanent redirect
https://nameretailer.com/crop-image/,/crop-image/,tool,True,page-sitemap.xml,2026-03-04T13:21:37+00:00,200,200,https://nameretailer.com/crop-image/,,https://nameretailer.com/crop-image/,yes,"follow, index, max-snippet:-1, max-video-preview:-1, max-image-preview:large",True,Crop Image | Name Retailer,26,"Crop Image Online Crop images to exact pixel dimensions online for free. Set X, Y, width and height. No upload — browser-based. ✂️Drop image hereAny image",154,2,Crop Image | Crop Image Online,1,All Tools,131,24,107,0,,17,0,,0,0,0,Organization ImageObject WebSite BreadcrumbList ListItem WebPage Person Article,,3,17,143,linked in content,,,,,,2 H1s; thin editorial content (24 words); Article schema on non-article page,improve,,"Owner requires rebuild; add one H1, substantive guidance, honest data provenance and marketplace pathways"
https://nameretailer.com/file-size-converter,/file-size-converter,tool,False,,,301,200,https://nameretailer.com/file-size-converter/,301:/file-size-converter > 200:/file-size-converter/,https://nameretailer.com/file-size-converter/,,"follow, index, max-snippet:-1, max-video-preview:-1, max-image-preview:large",False,File Size Converter - Free SEO Tool | Name Retailer,51,"Use the File Size Converter tool by Name Retailer to analyze, optimize, and improve your SEO workflow quickly and accurately.",125,,File Size Converter | File Size Converter,,All Tools,109,19,90,,,,,,,,,Organization ImageObject WebSite BreadcrumbList ListItem WebPage Person Article,,0,0,0,n/a (redirect/error),,,,,,redirects to /file-size-converter/,drop-301→https://nameretailer.com/file-size-converter/,https://nameretailer.com/file-size-converter/,Existing URL variant should keep a direct permanent redirect
https://nameretailer.com/file-size-converter/,/file-size-converter/,tool,True,page-sitemap.xml,2026-03-04T15:32:37+00:00,200,200,https://nameretailer.com/file-size-converter/,,https://nameretailer.com/file-size-converter/,yes,"follow, index, max-snippet:-1, max-video-preview:-1, max-image-preview:large",True,File Size Converter - Free SEO Tool | Name Retailer,51,"Use the File Size Converter tool by Name Retailer to analyze, optimize, and improve your SEO workflow quickly and accurately.",125,2,File Size Converter | File Size Converter,1,All Tools,109,19,90,0,,17,0,,0,0,0,Organization ImageObject WebSite BreadcrumbList ListItem WebPage Person Article,,2,17,143,linked in content,,,,,,2 H1s; thin editorial content (19 words); Article schema on non-article page,improve,,"Owner requires rebuild; add one H1, substantive guidance, honest data provenance and marketplace pathways"
https://nameretailer.com/hex-to-rgb,/hex-to-rgb,tool,False,,,301,200,https://nameretailer.com/hex-to-rgb/,301:/hex-to-rgb > 200:/hex-to-rgb/,https://nameretailer.com/hex-to-rgb/,,"follow, index, max-snippet:-1, max-video-preview:-1, max-image-preview:large",False,HEX to RGB | Name Retailer,26,HEX to RGB Converter Convert HEX color codes to RGB and HSL values instantly. Live color preview included. Perfect for designers and developers. HEX Color,154,,HEX to RGB | HEX to RGB Converter,,All Tools,135,26,109,,,,,,,,,Organization ImageObject WebSite BreadcrumbList ListItem WebPage Person Article,,0,0,0,n/a (redirect/error),,,,,,redirects to /hex-to-rgb/,drop-301→https://nameretailer.com/hex-to-rgb/,https://nameretailer.com/hex-to-rgb/,Existing URL variant should keep a direct permanent redirect
https://nameretailer.com/hex-to-rgb/,/hex-to-rgb/,tool,True,page-sitemap.xml,2026-03-04T15:26:12+00:00,200,200,https://nameretailer.com/hex-to-rgb/,,https://nameretailer.com/hex-to-rgb/,yes,"follow, index, max-snippet:-1, max-video-preview:-1, max-image-preview:large",True,HEX to RGB | Name Retailer,26,HEX to RGB Converter Convert HEX color codes to RGB and HSL values instantly. Live color preview included. Perfect for designers and developers. HEX Color,154,2,HEX to RGB | HEX to RGB Converter,1,All Tools,135,26,109,0,,17,0,,0,0,0,Organization ImageObject WebSite BreadcrumbList ListItem WebPage Person Article,,2,17,143,linked in content,,,,,,2 H1s; thin editorial content (26 words); Article schema on non-article page,improve,,"Owner requires rebuild; add one H1, substantive guidance, honest data provenance and marketplace pathways"
https://nameretailer.com/high-authority-backlink-generator/,/high-authority-backlink-generator/,tool,True,page-sitemap.xml,2026-08-21T17:47:13+00:00,200,200,https://nameretailer.com/high-authority-backlink-generator/,,https://nameretailer.com/high-authority-backlink-generator/,yes,"follow, index, max-snippet:-1, max-video-preview:-1, max-image-preview:large",True,Free High Authority Backlink Generator | Name Retailer,54,"Generate a list of high authority backlink opportunities free. Find relevant sites by DA and DR, then build links that actually move your rankings.",147,3,Free High-Authority Backlink Generator | Bulk Backlink Generator | High Authority Backlink Generator: The Definitive Guide to Building Powerful Links,18,Generate Backlinks for Your Website | What Is a High Authority Backlink Generator and How Does It Work | Understanding Domain Authority and What Makes a Backlink Truly High Quality | The Role of Link Juice in Authority Link Building | Edu and Gov Backlinks: Why They Carry Exceptional Weight | White Hat Link Building: Staying Safe While Scaling Authority | Targeting High DA Sites by Authority Range for Smarter Outreach | Organic Link Acquisition Through Content Strategy | Traffic-Based Link Targeting: Why Organic Reach Matters | The Skyscraper Technique and Resource Page Link Building | Anchor Text Optimization for Natural Link Profiles | Broken Link Building: Turning Competitor Losses Into Your Gains | HARO and Digital PR: Earning Links Through Media Coverage | Managing Link Velocity for Sustainable Authority Growth | Monitoring and Auditing Your Authority Link Profile | Building a Long-Term Authority Link Strategy That Compounds Over Time | Frequently Asked Questions | Conclusion: Why Quality Authority Link Building Defines Long-Term SEO Success,4827,4827,0,15,/100k-to-500k/ /50k-to-500k/ /above-500k/ /amp-validator/ /bulk-domain-rating-checker-tool/ /da50toda60-sites/ /da60toda70/ /da70toda80/ /da80toda90/ /da90toda100/ /keyword-density-checker/ /keyword-suggestion-tool/ /trust-flow-0-to-10/ /twitter-card-generator/ /zero-to-50k-traffic/,0,0,,3,0,0,Organization ImageObject WebSite BreadcrumbList ListItem WebPage Person Article,,1,0,143,linked in content,,,,,"white-hat claim on paid links: ""n manufacture but smart content promotion can consistently encourage. White Hat Link Building: Staying Safe While Scaling Authority The term""; SEO-safe claim: ""e produces the most valuable placements. Are backlink generator tools safe for SEO? Safety depends entirely on the type of tool and the link""; verification claim (needs evidence): ""le than those constructed through shortcuts. Authority earned through genuine editorial recognition does not disappear with the next algorit""","3 H1s; Article schema on non-article page; risky claims: SEO-safe claim, verification claim (needs evidence), white-hat claim on paid links",improve,,"Owner requires rebuild; add one H1, substantive guidance, honest data provenance and marketplace pathways"
https://nameretailer.com/image-alt-checker/,/image-alt-checker/,tool,True,page-sitemap.xml,2026-08-21T17:51:07+00:00,200,200,https://nameretailer.com/image-alt-checker/,,https://nameretailer.com/image-alt-checker/,yes,"follow, index, max-snippet:-1, max-video-preview:-1, max-image-preview:large",True,Free Image Alt Text Checker Online | Name Retailer,50,"Scan any page for missing or empty image alt text free. Find accessibility and SEO gaps fast, then fix the images hurting your rankings and usability.",150,2,Free Image Alt Text Checker | Image Alt Text Checker,1,Image Alt Text Checker,162,162,0,0,,0,0,,0,0,0,Organization ImageObject WebSite BreadcrumbList ListItem WebPage Person Article,,1,0,143,linked in content,,,,,,2 H1s; Article schema on non-article page,improve,,"Owner requires rebuild; add one H1, substantive guidance, honest data provenance and marketplace pathways"
https://nameretailer.com/image-to-bw,/image-to-bw,tool,False,,,301,200,https://nameretailer.com/image-to-bw/,301:/image-to-bw > 200:/image-to-bw/,https://nameretailer.com/image-to-bw/,,"follow, index, max-snippet:-1, max-video-preview:-1, max-image-preview:large",False,Image to B&W | Name Retailer,28,"Image to Black & White Convert color images to grayscale online for free. Works with PNG, JPG, WebP. No upload — all processing is local in your browse",151,,Image to B&W | Image to Black & White,,All Tools,130,30,100,,,,,,,,,Organization ImageObject WebSite BreadcrumbList ListItem WebPage Person Article,,0,0,0,n/a (redirect/error),,,,,,redirects to /image-to-bw/,drop-301→https://nameretailer.com/image-to-bw/,https://nameretailer.com/image-to-bw/,Existing URL variant should keep a direct permanent redirect
https://nameretailer.com/image-to-bw/,/image-to-bw/,tool,True,page-sitemap.xml,2026-03-04T15:17:45+00:00,200,200,https://nameretailer.com/image-to-bw/,,https://nameretailer.com/image-to-bw/,yes,"follow, index, max-snippet:-1, max-video-preview:-1, max-image-preview:large",True,Image to B&W | Name Retailer,28,"Image to Black & White Convert color images to grayscale online for free. Works with PNG, JPG, WebP. No upload — all processing is local in your browse",151,2,Image to B&W | Image to Black & White,1,All Tools,130,30,100,0,,17,0,,0,0,0,Organization ImageObject WebSite BreadcrumbList ListItem WebPage Person Article,,2,17,143,linked in content,,,,,,2 H1s; thin editorial content (30 words); Article schema on non-article page,improve,,"Owner requires rebuild; add one H1, substantive guidance, honest data provenance and marketplace pathways"
https://nameretailer.com/image-to-webp,/image-to-webp,tool,False,,,301,200,https://nameretailer.com/image-to-webp-converter/,301:/image-to-webp > 200:/image-to-webp-converter/,https://nameretailer.com/image-to-webp-converter/,,"follow, index, max-snippet:-1, max-video-preview:-1, max-image-preview:large",False,Free Image to WebP Converter Online | Name Retailer,51,"Convert JPG, PNG and GIF images to WebP free. Shrink file sizes, speed up your site and improve Core Web Vitals without losing any visible quality.",147,,Free Image to WebP Converter | Image to WebP Converter,,All Tools,134,32,102,,,,,,,,,Organization ImageObject WebSite BreadcrumbList ListItem WebPage Person Article,,0,0,0,n/a (redirect/error),,,,,,redirects to /image-to-webp-converter/,drop-301→https://nameretailer.com/image-to-webp-converter/,https://nameretailer.com/image-to-webp-converter/,Existing URL variant should keep a direct permanent redirect
https://nameretailer.com/image-to-webp-converter,/image-to-webp-converter,tool,False,,,301,200,https://nameretailer.com/image-to-webp-converter/,301:/image-to-webp-converter > 200:/image-to-webp-converter/,https://nameretailer.com/image-to-webp-converter/,,"follow, index, max-snippet:-1, max-video-preview:-1, max-image-preview:large",False,Free Image to WebP Converter Online | Name Retailer,51,"Convert JPG, PNG and GIF images to WebP free. Shrink file sizes, speed up your site and improve Core Web Vitals without losing any visible quality.",147,,Free Image to WebP Converter | Image to WebP Converter,,All Tools,134,32,102,,,,,,,,,Organization ImageObject WebSite BreadcrumbList ListItem WebPage Person Article,,0,0,0,n/a (redirect/error),,,,,,redirects to /image-to-webp-converter/,drop-301→https://nameretailer.com/image-to-webp-converter/,https://nameretailer.com/image-to-webp-converter/,Existing URL variant should keep a direct permanent redirect
https://nameretailer.com/image-to-webp-converter/,/image-to-webp-converter/,tool,True,page-sitemap.xml,2026-08-21T18:01:30+00:00,200,200,https://nameretailer.com/image-to-webp-converter/,,https://nameretailer.com/image-to-webp-converter/,yes,"follow, index, max-snippet:-1, max-video-preview:-1, max-image-preview:large",True,Free Image to WebP Converter Online | Name Retailer,51,"Convert JPG, PNG and GIF images to WebP free. Shrink file sizes, speed up your site and improve Core Web Vitals without losing any visible quality.",147,2,Free Image to WebP Converter | Image to WebP Converter,1,All Tools,134,32,102,0,,17,0,,0,0,0,Organization ImageObject WebSite BreadcrumbList ListItem WebPage Person Article,,2,17,143,linked in content,,,,,,2 H1s; thin editorial content (32 words); Article schema on non-article page,improve,,"Owner requires rebuild; add one H1, substantive guidance, honest data provenance and marketplace pathways"
https://nameretailer.com/jpg-to-png-converter,/jpg-to-png-converter,tool,False,,,301,200,https://nameretailer.com/jpg-to-png-converter/,301:/jpg-to-png-converter > 200:/jpg-to-png-converter/,https://nameretailer.com/jpg-to-png-converter/,,"follow, index, max-snippet:-1, max-video-preview:-1, max-image-preview:large",False,Free JPG to PNG Converter Online Tool | Name Retailer,53,"Convert JPG to PNG online free. Upload your image, convert it instantly in your browser and download. No watermark, no signup and no quality loss.",146,,Free JPG to PNG Converter | JPG to PNG Converter,,All Tools,130,30,100,,,,,,,,,Organization ImageObject WebSite BreadcrumbList ListItem WebPage Person Article,,0,0,0,n/a (redirect/error),,,,,,redirects to /jpg-to-png-converter/,drop-301→https://nameretailer.com/jpg-to-png-converter/,https://nameretailer.com/jpg-to-png-converter/,Existing URL variant should keep a direct permanent redirect
https://nameretailer.com/jpg-to-png-converter/,/jpg-to-png-converter/,tool,True,page-sitemap.xml,2026-08-21T18:00:35+00:00,200,200,https://nameretailer.com/jpg-to-png-converter/,,https://nameretailer.com/jpg-to-png-converter/,yes,"follow, index, max-snippet:-1, max-video-preview:-1, max-image-preview:large",True,Free JPG to PNG Converter Online Tool | Name Retailer,53,"Convert JPG to PNG online free. Upload your image, convert it instantly in your browser and download. No watermark, no signup and no quality loss.",146,2,Free JPG to PNG Converter | JPG to PNG Converter,1,All Tools,130,30,100,0,,17,0,,0,0,0,Organization ImageObject WebSite BreadcrumbList ListItem WebPage Person Article,,2,17,143,linked in content,,,,,,2 H1s; thin editorial content (30 words); Article schema on non-article page,improve,,"Owner requires rebuild; add one H1, substantive guidance, honest data provenance and marketplace pathways"
https://nameretailer.com/keyword-density-checker/,/keyword-density-checker/,tool,True,page-sitemap.xml,2026-08-21T17:49:02+00:00,200,200,https://nameretailer.com/keyword-density-checker/,,https://nameretailer.com/keyword-density-checker/,yes,"follow, index, max-snippet:-1, max-video-preview:-1, max-image-preview:large",True,Free Keyword Density Checker Tool Online | Name Retailer,56,"Check keyword density in any text or URL free. Spot keyword stuffing, see one, two and three word frequency, and optimize your content for search.",146,3,Free Keyword Density Checker | Keyword Density Checker | Keyword Density Checker: The Complete Guide to Optimizing Content Without Over-Optimization,18,"Analyze Keyword Density | What Is Keyword Density and How Is It Calculated | Why Keyword Stuffing Destroys Rankings and How to Detect It | The Ideal Keyword Density: What the Data Actually Suggests | TF-IDF Analysis: A More Sophisticated Measure of Content Relevance | How to Use a Keyword Density Checker Effectively | Keyword Density for Different Content Types and Lengths | Analyzing Competitor Content With a Density Tool | Common Keyword Density Mistakes and How to Fix Them | Keyword Prominence and Proximity: Beyond Simple Density | Integrating Density Analysis Into Your Content Publishing Workflow | Keyword Density in Meta Tags, Titles, and Headings | Bulk URL Analysis: Auditing Your Entire Site at Scale | Keyword Density for E-Commerce Product Pages | Natural Language Processing and the Future of Keyword Analysis | Building a Complete On-Page SEO Toolkit Around Keyword Analysis | Frequently Asked Questions | Conclusion: Using Keyword Density Analysis as a Quality Control System",5750,5750,0,28,/amp-validator/ /base64-encode-decode/ /blog/ /bulk-domain-rating-checker-tool/ /buy-blog-posts/ /competitor-backlink-analyzer/ /compress-image/ /crop-image/ /file-size-converter/ /hex-to-rgb/ /high-authority-backlink-generator/ /how-it-works/ /image-alt-checker/ /keyword-suggestion-tool/ /length-converter/ /online-schema-generator/ /opengraph-generator/ /px-to-rem/ /request-a-custom-blog-post/ /resize-image/ /reverse-text/ /rotate-image/ /schema-validator/ /temperature-converter/ /text-case-converter/ /trending-articles/ /twitter-card-generator/ /word-counter/,0,0,,0,0,0,Organization ImageObject WebSite BreadcrumbList ListItem WebPage Person Article,,1,0,143,linked in content,,,,,"guarantee claim: ""n SEO circles, there is no single universally correct percentage that guarantees rankings or triggers penalties. Google has explicitly state""",3 H1s; Article schema on non-article page; risky claims: guarantee claim,improve,,"Owner requires rebuild; add one H1, substantive guidance, honest data provenance and marketplace pathways"
https://nameretailer.com/keyword-suggestion-tool/,/keyword-suggestion-tool/,tool,True,page-sitemap.xml,2026-08-21T17:48:10+00:00,200,200,https://nameretailer.com/keyword-suggestion-tool/,,https://nameretailer.com/keyword-suggestion-tool/,yes,"follow, index, max-snippet:-1, max-video-preview:-1, max-image-preview:large",True,Free Keyword Suggestion Tool for SEO | Name Retailer,52,"Find hundreds of free keyword ideas fast. Enter a seed term to get long-tail suggestions, questions and related searches to plan content that ranks well.",153,3,Free Keyword Suggestion Tool | Keyword Suggestions Tool | Keyword Suggestion Tool: The Complete Guide to Finding the Right Search Terms,18,Find Keyword Suggestions | What Is a Keyword Suggestion Tool and Why Every SEO Needs One | Understanding Search Volume: The Foundation of Keyword Prioritization | Keyword Difficulty: Identifying Realistic Ranking Opportunities | Long Tail Keywords: Where the Most Accessible Opportunities Hide | Search Intent: The Dimension That Volume Data Cannot Capture | How to Use Keyword Clustering for Topic Authority | CPC Data: Using Paid Search Intelligence for Organic Strategy | Competitor Keyword Research: Finding What Others Rank For | LSI and Semantic Keywords: Writing for Topical Depth | Local Keyword Research: Targeting Geographic Search Demand | Seasonal and Trending Keywords: Timing Your Content Strategy | Voice Search Keywords: Optimizing for Conversational Queries | Keyword Mapping: Organizing Research Into an Actionable Content Plan | E-Commerce Keyword Research: From Discovery to Purchase Intent | Building a Sustainable Keyword Research Workflow for Long-Term Growth | Frequently Asked Questions | Conclusion: Why Keyword Research Is the Foundation of Every Successful SEO Strategy,5467,5467,0,19,/backlinks-0-to-100k/ /backlinks-100k-to-500k/ /backlinks-500k-above/ /dr-0-to-20/ /dr-20-to-50/ /dr-50-above/ /image-to-webp-converter/ /jpg-to-png-converter/ /price-0-to-50/ /price-100-to-150/ /price-150-to-200/ /price-200-above/ /price-50-to-100/ /seo-tools/ /trust-flow-10-to-50/ /trust-flow-21-to-30/ /trust-flow-31-to-40/ /trust-flow-41-to-50/ /webp-to-png-converter/,0,0,,3,0,0,Organization ImageObject WebSite BreadcrumbList ListItem WebPage Person Article,,2,0,143,linked in content,,,,,,3 H1s; Article schema on non-article page,improve,,"Owner requires rebuild; add one H1, substantive guidance, honest data provenance and marketplace pathways"
https://nameretailer.com/length-converter,/length-converter,tool,False,,,301,200,https://nameretailer.com/length-converter/,301:/length-converter > 200:/length-converter/,https://nameretailer.com/length-converter/,,"follow, index, max-snippet:-1, max-video-preview:-1, max-image-preview:large",False,Length Converter - Free SEO Tool | Name Retailer,48,"Use the Length Converter tool by Name Retailer to analyze, optimize, and improve your SEO workflow quickly and accurately.",122,,Length Converter | Length Unit Converter,,All Tools,109,17,92,,,,,,,,,Organization ImageObject WebSite BreadcrumbList ListItem WebPage Person Article,,0,0,0,n/a (redirect/error),,,,,,redirects to /length-converter/,drop-301→https://nameretailer.com/length-converter/,https://nameretailer.com/length-converter/,Existing URL variant should keep a direct permanent redirect
https://nameretailer.com/length-converter/,/length-converter/,tool,True,page-sitemap.xml,2026-03-04T15:29:19+00:00,200,200,https://nameretailer.com/length-converter/,,https://nameretailer.com/length-converter/,yes,"follow, index, max-snippet:-1, max-video-preview:-1, max-image-preview:large",True,Length Converter - Free SEO Tool | Name Retailer,48,"Use the Length Converter tool by Name Retailer to analyze, optimize, and improve your SEO workflow quickly and accurately.",122,2,Length Converter | Length Unit Converter,1,All Tools,109,17,92,0,,17,0,,0,0,0,Organization ImageObject WebSite BreadcrumbList ListItem WebPage Person Article,,2,17,143,linked in content,,,,,,2 H1s; thin editorial content (17 words); Article schema on non-article page,improve,,"Owner requires rebuild; add one H1, substantive guidance, honest data provenance and marketplace pathways"
https://nameretailer.com/online-schema-generator/,/online-schema-generator/,tool,True,page-sitemap.xml,2026-08-21T17:58:56+00:00,200,200,https://nameretailer.com/online-schema-generator/,,https://nameretailer.com/online-schema-generator/,yes,"follow, index, max-snippet:-1, max-video-preview:-1, max-image-preview:large",True,Free Schema Markup Generator (JSON-LD) | Name Retailer,54,"Generate JSON-LD schema markup free for Article, FAQ, Product, Local Business and more. Fill the form, copy the code and paste it into your page.",145,2,Free Schema Markup Generator (JSON-LD) | Schema Markup Generator,2,⚙️ Schema Builder | 📋 Generated JSON-LD Code,157,157,0,0,,0,1,https://search.google.com/test/rich-results,0,0,0,Organization ImageObject WebSite BreadcrumbList ListItem WebPage Person Article,,1,0,143,linked in content,,,,,,2 H1s; Article schema on non-article page,improve,,"Owner requires rebuild; add one H1, substantive guidance, honest data provenance and marketplace pathways"
https://nameretailer.com/opengraph-generator/,/opengraph-generator/,tool,True,page-sitemap.xml,2026-08-21T17:56:56+00:00,200,200,https://nameretailer.com/opengraph-generator/,,https://nameretailer.com/opengraph-generator/,yes,"follow, index, max-snippet:-1, max-video-preview:-1, max-image-preview:large",True,Free Open Graph Meta Tag Generator | Name Retailer,50,"Create Open Graph meta tags free for Facebook and LinkedIn. Enter your title, description and image, then copy clean OG tags straight into your HTML.",149,2,Free Open Graph Meta Tag Generator | Open Graph Generator,2,Open Graph Properties | Live Preview,218,218,0,0,,0,0,,0,0,0,Organization ImageObject WebSite BreadcrumbList ListItem WebPage Person Article,,1,0,143,linked in content,,,,,,2 H1s; Article schema on non-article page,improve,,"Owner requires rebuild; add one H1, substantive guidance, honest data provenance and marketplace pathways"
https://nameretailer.com/png-to-jpg-converter,/png-to-jpg-converter,tool,False,,,301,200,https://nameretailer.com/png-to-jpg-converter/,301:/png-to-jpg-converter > 200:/png-to-jpg-converter/,https://nameretailer.com/png-to-jpg-converter/,,"follow, index, max-snippet:-1, max-video-preview:-1, max-image-preview:large",False,PNG-To-JPG-Converter - Free SEO Tool | Name Retailer,52,"Use the PNG-To-JPG-Converter tool by Name Retailer to analyze, optimize, and improve your SEO workflow quickly and accurately.",126,,PNG-To-JPG-Converter | PNG to JPG Converter,,All Tools,140,28,112,,,,,,,,,Organization ImageObject WebSite BreadcrumbList ListItem WebPage Person Article,,0,0,0,n/a (redirect/error),,,,,,redirects to /png-to-jpg-converter/,drop-301→https://nameretailer.com/png-to-jpg-converter/,https://nameretailer.com/png-to-jpg-converter/,Existing URL variant should keep a direct permanent redirect
https://nameretailer.com/png-to-jpg-converter/,/png-to-jpg-converter/,tool,True,page-sitemap.xml,2026-03-15T02:13:54+00:00,200,200,https://nameretailer.com/png-to-jpg-converter/,,https://nameretailer.com/png-to-jpg-converter/,yes,"follow, index, max-snippet:-1, max-video-preview:-1, max-image-preview:large",True,PNG-To-JPG-Converter - Free SEO Tool | Name Retailer,52,"Use the PNG-To-JPG-Converter tool by Name Retailer to analyze, optimize, and improve your SEO workflow quickly and accurately.",126,2,PNG-To-JPG-Converter | PNG to JPG Converter,1,All Tools,140,28,112,0,,18,0,,0,0,0,Organization ImageObject WebSite BreadcrumbList ListItem WebPage Person Article,,0,17,0,linked in content,,,,,,2 H1s; thin editorial content (28 words); Article schema on non-article page,improve,,"Owner requires rebuild; add one H1, substantive guidance, honest data provenance and marketplace pathways"
https://nameretailer.com/px-to-rem,/px-to-rem,tool,False,,,301,200,https://nameretailer.com/px-to-rem/,301:/px-to-rem > 200:/px-to-rem/,https://nameretailer.com/px-to-rem/,,"follow, index, max-snippet:-1, max-video-preview:-1, max-image-preview:large",False,PX to REM | Name Retailer,25,PX to REM Converter Convert pixels to REM or REM to pixels for responsive CSS. Set your own base font size. Essential for web developers. Base Font Size (p,155,,PX to REM | PX to REM Converter,,All Tools,127,32,95,,,,,,,,,Organization ImageObject WebSite BreadcrumbList ListItem WebPage Person Article,,0,0,0,n/a (redirect/error),,,,,,redirects to /px-to-rem/,drop-301→https://nameretailer.com/px-to-rem/,https://nameretailer.com/px-to-rem/,Existing URL variant should keep a direct permanent redirect
https://nameretailer.com/px-to-rem/,/px-to-rem/,tool,True,page-sitemap.xml,2026-03-04T15:27:57+00:00,200,200,https://nameretailer.com/px-to-rem/,,https://nameretailer.com/px-to-rem/,yes,"follow, index, max-snippet:-1, max-video-preview:-1, max-image-preview:large",True,PX to REM | Name Retailer,25,PX to REM Converter Convert pixels to REM or REM to pixels for responsive CSS. Set your own base font size. Essential for web developers. Base Font Size (p,155,2,PX to REM | PX to REM Converter,1,All Tools,127,32,95,0,,17,0,,0,0,0,Organization ImageObject WebSite BreadcrumbList ListItem WebPage Person Article,,2,17,143,linked in content,,,,,,2 H1s; thin editorial content (32 words); Article schema on non-article page,improve,,"Owner requires rebuild; add one H1, substantive guidance, honest data provenance and marketplace pathways"
https://nameretailer.com/resize-image,/resize-image,tool,False,,,301,200,https://nameretailer.com/resize-image/,301:/resize-image > 200:/resize-image/,https://nameretailer.com/resize-image/,,"follow, index, max-snippet:-1, max-video-preview:-1, max-image-preview:large",False,Resize Image Online Free | Fast Image Resizer Tool,50,"Resize images online free. Set exact pixel dimensions or scale by percentage, keep the aspect ratio and download instantly. No signup or watermark.",147,,Resize Image Online – Free Image Resizer | Bulk Resize Images Online,,All Tools,148,38,110,,,,,,,,,Organization ImageObject WebSite BreadcrumbList ListItem WebPage Person Article,,0,0,0,n/a (redirect/error),,,,,,redirects to /resize-image/,drop-301→https://nameretailer.com/resize-image/,https://nameretailer.com/resize-image/,Existing URL variant should keep a direct permanent redirect
https://nameretailer.com/resize-image/,/resize-image/,tool,True,page-sitemap.xml,2026-08-21T18:03:04+00:00,200,200,https://nameretailer.com/resize-image/,,https://nameretailer.com/resize-image/,yes,"follow, index, max-snippet:-1, max-video-preview:-1, max-image-preview:large",True,Resize Image Online Free | Fast Image Resizer Tool,50,"Resize images online free. Set exact pixel dimensions or scale by percentage, keep the aspect ratio and download instantly. No signup or watermark.",147,2,Resize Image Online – Free Image Resizer | Bulk Resize Images Online,1,All Tools,148,38,110,0,,17,0,,0,0,0,Organization ImageObject WebSite BreadcrumbList ListItem WebPage Person Article,,2,17,143,linked in content,,,,,,2 H1s; thin editorial content (38 words); Article schema on non-article page,improve,,"Owner requires rebuild; add one H1, substantive guidance, honest data provenance and marketplace pathways"
https://nameretailer.com/reverse-text,/reverse-text,tool,False,,,301,200,https://nameretailer.com/reverse-text/,301:/reverse-text > 200:/reverse-text/,https://nameretailer.com/reverse-text/,,"follow, index, max-snippet:-1, max-video-preview:-1, max-image-preview:large",False,Reverse Text | Name Retailer,28,"Reverse Text Online Reverse characters or words in any text instantly. Great for puzzles, encoding, and fun. No signup needed. Reversed Characters📋 Copy Re",155,,Reverse Text | Reverse Text Online,,All Tools,115,26,89,,,,,,,,,Organization ImageObject WebSite BreadcrumbList ListItem WebPage Person Article,,0,0,0,n/a (redirect/error),,,,,,redirects to /reverse-text/,drop-301→https://nameretailer.com/reverse-text/,https://nameretailer.com/reverse-text/,Existing URL variant should keep a direct permanent redirect
https://nameretailer.com/reverse-text/,/reverse-text/,tool,True,page-sitemap.xml,2026-03-04T15:20:57+00:00,200,200,https://nameretailer.com/reverse-text/,,https://nameretailer.com/reverse-text/,yes,"follow, index, max-snippet:-1, max-video-preview:-1, max-image-preview:large",True,Reverse Text | Name Retailer,28,"Reverse Text Online Reverse characters or words in any text instantly. Great for puzzles, encoding, and fun. No signup needed. Reversed Characters📋 Copy Re",155,2,Reverse Text | Reverse Text Online,1,All Tools,115,26,89,0,,17,0,,0,0,0,Organization ImageObject WebSite BreadcrumbList ListItem WebPage Person Article,,2,17,143,linked in content,,,,,,2 H1s; thin editorial content (26 words); Article schema on non-article page,improve,,"Owner requires rebuild; add one H1, substantive guidance, honest data provenance and marketplace pathways"
https://nameretailer.com/rotate-image,/rotate-image,tool,False,,,301,200,https://nameretailer.com/rotate-image/,301:/rotate-image > 200:/rotate-image/,https://nameretailer.com/rotate-image/,,"follow, index, max-snippet:-1, max-video-preview:-1, max-image-preview:large",False,Rotate Image | Name Retailer,28,"Rotate Image Online Rotate images 90°, 180° or 270° online for free. No upload needed — rotation happens instantly in your browser. 🔃Drop image hereAny ima",155,,Rotate Image | Rotate Image Online,,All Tools,124,23,101,,,,,,,,,Organization ImageObject WebSite BreadcrumbList ListItem WebPage Person Article,,0,0,0,n/a (redirect/error),,,,,,redirects to /rotate-image/,drop-301→https://nameretailer.com/rotate-image/,https://nameretailer.com/rotate-image/,Existing URL variant should keep a direct permanent redirect
https://nameretailer.com/rotate-image/,/rotate-image/,tool,True,page-sitemap.xml,2026-03-04T01:00:32+00:00,200,200,https://nameretailer.com/rotate-image/,,https://nameretailer.com/rotate-image/,yes,"follow, index, max-snippet:-1, max-video-preview:-1, max-image-preview:large",True,Rotate Image | Name Retailer,28,"Rotate Image Online Rotate images 90°, 180° or 270° online for free. No upload needed — rotation happens instantly in your browser. 🔃Drop image hereAny ima",155,2,Rotate Image | Rotate Image Online,1,All Tools,124,23,101,0,,17,0,,0,0,0,Organization ImageObject WebSite BreadcrumbList ListItem WebPage Person Article,,3,17,143,linked in content,,,,,,2 H1s; thin editorial content (23 words); Article schema on non-article page,improve,,"Owner requires rebuild; add one H1, substantive guidance, honest data provenance and marketplace pathways"
https://nameretailer.com/schema-validator/,/schema-validator/,tool,True,page-sitemap.xml,2026-08-21T17:49:59+00:00,200,200,https://nameretailer.com/schema-validator/,,https://nameretailer.com/schema-validator/,yes,"follow, index, max-snippet:-1, max-video-preview:-1, max-image-preview:large",True,Free Schema Markup Validator and Tester | Name Retailer,55,Validate your structured data free. Paste a URL or code to find schema errors and warnings before they cost you rich results in Google search today.,148,2,Free Schema Markup Validator | Schema Markup Validator,2,🔍 Schema Validator | 📊 Validation Results,234,234,0,0,,0,1,https://search.google.com/test/rich-results,0,0,0,Organization ImageObject WebSite BreadcrumbList ListItem WebPage Person Article,,1,0,143,linked in content,,,,,,2 H1s; Article schema on non-article page,improve,,"Owner requires rebuild; add one H1, substantive guidance, honest data provenance and marketplace pathways"
https://nameretailer.com/seo-tools/,/seo-tools/,tool,True,page-sitemap.xml,2026-08-21T17:44:17+00:00,200,200,https://nameretailer.com/seo-tools/,,https://nameretailer.com/seo-tools/,yes,"follow, index, max-snippet:-1, max-video-preview:-1, max-image-preview:large",True,Free SEO Tools for Link Building & Content | Name Retailer,58,"Use our free SEO tools for link building, keywords, schema and images. No signup needed. Check DR in bulk, analyze backlinks and generate markup fast.",150,1,Free SEO Tools for Link Building & Content,0,,7,7,0,0,,0,0,,0,0,0,Organization ImageObject WebSite BreadcrumbList ListItem WebPage Person Article,,1,0,143,linked in content,,,,,,thin editorial content (7 words); Article schema on non-article page,improve,,"Owner requires rebuild; add one H1, substantive guidance, honest data provenance and marketplace pathways"
https://nameretailer.com/temperature-converter,/temperature-converter,tool,False,,,301,200,https://nameretailer.com/temperature-converter/,301:/temperature-converter > 200:/temperature-converter/,https://nameretailer.com/temperature-converter/,,"follow, index, max-snippet:-1, max-video-preview:-1, max-image-preview:large",False,"Temperature Converter | Celsius, Fahrenheit, Kelvin",51,"Convert temperatures instantly between Celsius, Fahrenheit and Kelvin. Free online temperature converter with formulas and a quick conversion chart.",148,,"Temperature Converter – Celsius, Fahrenheit & Kelvin | Temperature Converter",,All Tools,148,53,95,,,,,,,,,Organization ImageObject WebSite BreadcrumbList ListItem WebPage Person Article,,0,0,0,n/a (redirect/error),,,,,,redirects to /temperature-converter/,drop-301→https://nameretailer.com/temperature-converter/,https://nameretailer.com/temperature-converter/,Existing URL variant should keep a direct permanent redirect
https://nameretailer.com/temperature-converter/,/temperature-converter/,tool,True,page-sitemap.xml,2026-08-21T17:54:36+00:00,200,200,https://nameretailer.com/temperature-converter/,,https://nameretailer.com/temperature-converter/,yes,"follow, index, max-snippet:-1, max-video-preview:-1, max-image-preview:large",True,"Temperature Converter | Celsius, Fahrenheit, Kelvin",51,"Convert temperatures instantly between Celsius, Fahrenheit and Kelvin. Free online temperature converter with formulas and a quick conversion chart.",148,2,"Temperature Converter – Celsius, Fahrenheit & Kelvin | Temperature Converter",1,All Tools,148,53,95,0,,17,0,,0,0,0,Organization ImageObject WebSite BreadcrumbList ListItem WebPage Person Article,,2,17,143,linked in content,,,,,,2 H1s; thin editorial content (53 words); Article schema on non-article page,improve,,"Owner requires rebuild; add one H1, substantive guidance, honest data provenance and marketplace pathways"
https://nameretailer.com/text-case-converter,/text-case-converter,tool,False,,,301,200,https://nameretailer.com/text-case-converter/,301:/text-case-converter > 200:/text-case-converter/,https://nameretailer.com/text-case-converter/,,"follow, index, max-snippet:-1, max-video-preview:-1, max-image-preview:large",False,Text Case Converter - Free SEO Tool | Name Retailer,51,"Use the Text Case Converter tool by Name Retailer to analyze, optimize, and improve your SEO workflow quickly and accurately.",125,,Text Case Converter | Text Case Converter,,All Tools,120,33,87,,,,,,,,,Organization ImageObject WebSite BreadcrumbList ListItem WebPage Person Article,,0,0,0,n/a (redirect/error),,,,,,redirects to /text-case-converter/,drop-301→https://nameretailer.com/text-case-converter/,https://nameretailer.com/text-case-converter/,Existing URL variant should keep a direct permanent redirect
https://nameretailer.com/text-case-converter/,/text-case-converter/,tool,True,page-sitemap.xml,2026-03-04T15:19:26+00:00,200,200,https://nameretailer.com/text-case-converter/,,https://nameretailer.com/text-case-converter/,yes,"follow, index, max-snippet:-1, max-video-preview:-1, max-image-preview:large",True,Text Case Converter - Free SEO Tool | Name Retailer,51,"Use the Text Case Converter tool by Name Retailer to analyze, optimize, and improve your SEO workflow quickly and accurately.",125,2,Text Case Converter | Text Case Converter,1,All Tools,120,33,87,0,,17,0,,0,0,0,Organization ImageObject WebSite BreadcrumbList ListItem WebPage Person Article,,2,17,143,linked in content,,,,,,2 H1s; thin editorial content (33 words); Article schema on non-article page,improve,,"Owner requires rebuild; add one H1, substantive guidance, honest data provenance and marketplace pathways"
https://nameretailer.com/twitter-card-generator/,/twitter-card-generator/,tool,True,page-sitemap.xml,2026-08-21T17:57:44+00:00,200,200,https://nameretailer.com/twitter-card-generator/,,https://nameretailer.com/twitter-card-generator/,yes,"follow, index, max-snippet:-1, max-video-preview:-1, max-image-preview:large",True,Free Twitter Card Generator Online | Name Retailer,50,"Generate Twitter Card meta tags free. Build summary and large image cards, preview how your link looks, then copy the code into your site header now.",149,2,Free Twitter Card Generator | Twitter Card Generator,2,Twitter Card Properties | Live X / Twitter Preview,235,235,0,0,,0,1,https://cards-dev.twitter.com/validator,0,0,0,Organization ImageObject WebSite BreadcrumbList ListItem WebPage Person Article,,2,0,143,linked in content,,,,,,2 H1s; Article schema on non-article page,improve,,"Owner requires rebuild; add one H1, substantive guidance, honest data provenance and marketplace pathways"
https://nameretailer.com/webp-to-png,/webp-to-png,tool,False,,,301,200,https://nameretailer.com/webp-to-png-converter/,301:/webp-to-png > 200:/webp-to-png-converter/,https://nameretailer.com/webp-to-png-converter/,,"follow, index, max-snippet:-1, max-video-preview:-1, max-image-preview:large",False,WebP To PNG Converter - Free SEO Tool | Name Retailer,53,"Use the WebP To PNG Converter tool by Name Retailer to analyze, optimize, and improve your SEO workflow quickly and accurately.",127,,WebP To PNG Converter | WebP to PNG Converter,,All Tools,130,30,100,,,,,,,,,Organization ImageObject WebSite BreadcrumbList ListItem WebPage Person Article,,0,0,0,n/a (redirect/error),,,,,,redirects to /webp-to-png-converter/,drop-301→https://nameretailer.com/webp-to-png-converter/,https://nameretailer.com/webp-to-png-converter/,Existing URL variant should keep a direct permanent redirect
https://nameretailer.com/webp-to-png-converter,/webp-to-png-converter,tool,False,,,301,200,https://nameretailer.com/webp-to-png-converter/,301:/webp-to-png-converter > 200:/webp-to-png-converter/,https://nameretailer.com/webp-to-png-converter/,,"follow, index, max-snippet:-1, max-video-preview:-1, max-image-preview:large",False,WebP To PNG Converter - Free SEO Tool | Name Retailer,53,"Use the WebP To PNG Converter tool by Name Retailer to analyze, optimize, and improve your SEO workflow quickly and accurately.",127,,WebP To PNG Converter | WebP to PNG Converter,,All Tools,130,30,100,,,,,,,,,Organization ImageObject WebSite BreadcrumbList ListItem WebPage Person Article,,0,0,0,n/a (redirect/error),,,,,,redirects to /webp-to-png-converter/,drop-301→https://nameretailer.com/webp-to-png-converter/,https://nameretailer.com/webp-to-png-converter/,Existing URL variant should keep a direct permanent redirect
https://nameretailer.com/webp-to-png-converter/,/webp-to-png-converter/,tool,True,page-sitemap.xml,2026-03-04T00:52:37+00:00,200,200,https://nameretailer.com/webp-to-png-converter/,,https://nameretailer.com/webp-to-png-converter/,yes,"follow, index, max-snippet:-1, max-video-preview:-1, max-image-preview:large",True,WebP To PNG Converter - Free SEO Tool | Name Retailer,53,"Use the WebP To PNG Converter tool by Name Retailer to analyze, optimize, and improve your SEO workflow quickly and accurately.",127,2,WebP To PNG Converter | WebP to PNG Converter,1,All Tools,130,30,100,0,,17,0,,0,0,0,Organization ImageObject WebSite BreadcrumbList ListItem WebPage Person Article,,2,17,143,linked in content,,,,,,2 H1s; thin editorial content (30 words); Article schema on non-article page,improve,,"Owner requires rebuild; add one H1, substantive guidance, honest data provenance and marketplace pathways"
https://nameretailer.com/word-counter,/word-counter,tool,False,,,301,200,https://nameretailer.com/word-counter/,301:/word-counter > 200:/word-counter/,https://nameretailer.com/word-counter/,,"follow, index, max-snippet:-1, max-video-preview:-1, max-image-preview:large",False,Free Online Word Counter and Character Counter Tool,51,"Count words, characters, sentences and paragraphs free. Paste your text for instant counts plus reading time and keyword density as you type it in.",147,,Free Online Word Counter | Word Counter Online,,All Tools,128,39,89,,,,,,,,,Organization ImageObject WebSite BreadcrumbList ListItem WebPage Person Article,,0,0,0,n/a (redirect/error),,,,,,redirects to /word-counter/,drop-301→https://nameretailer.com/word-counter/,https://nameretailer.com/word-counter/,Existing URL variant should keep a direct permanent redirect
https://nameretailer.com/word-counter/,/word-counter/,tool,True,page-sitemap.xml,2026-08-21T17:53:41+00:00,200,200,https://nameretailer.com/word-counter/,,https://nameretailer.com/word-counter/,yes,"follow, index, max-snippet:-1, max-video-preview:-1, max-image-preview:large",True,Free Online Word Counter and Character Counter Tool,51,"Count words, characters, sentences and paragraphs free. Paste your text for instant counts plus reading time and keyword density as you type it in.",147,2,Free Online Word Counter | Word Counter Online,1,All Tools,128,39,89,0,,17,0,,0,0,0,Organization ImageObject WebSite BreadcrumbList ListItem WebPage Person Article,,2,17,143,linked in content,,,,,,2 H1s; thin editorial content (39 words); Article schema on non-article page,improve,,"Owner requires rebuild; add one H1, substantive guidance, honest data provenance and marketplace pathways"
